rspo,miejscowosc,ulica_nr,latitude,longitude
8847,Raczyny,ul. Kopernika 5,52.26853,22.63428
264325,Żyrardów,ul. Adama Mickiewicza 126/128,52.03924,20.45495
30368,Żyrardów,ul. Gabriela Narutowicza 35,52.057016,20.4392095
29970,Żyrardów,ul. Jasna 11,52.0603462,20.4357601
31353,Żyrardów,ul. Radziwiłłowska 16,52.0494463,20.4372575
34206,Żyrardów,ul. Józefa Mireckiego 56,52.0581447,20.4455912
31602,Żyrardów,ul. Franklina Roosevelta 2,52.0533632,20.429418
30775,Żyrardów,ul. Janiny Jadwigi Kacperskiej 6B,52.0676629,20.4457555
8849,Poniatowo,ul. Szkolna 4,52.641449,22.0363747
8850,Chamsk,ul. Szkolna 19,53.0239428,19.9301703
26018,Żuromin,ul. Wiatraczna 16,53.0646247,19.9168387
53424,Sucha,ul. Szlachecka 88A,51.6169899,20.953985
53602,Białobrzegi,ul. Rzemieślnicza 21,51.6447974,20.9534801
26129,Olkowice,23,51.72945,20.96497
31929,Przybyszew,ul. Władysława Rosłońca 5,51.664084,20.8550539
26130,Promna-Kolonia,39,51.6823225,20.9522724
80552,Rogolin,4a,51.5537802,20.8824287
74430,Bukówno,1,51.5448346,20.863896
80553,Czarnocin,58,51.5264636,20.79827
85604,Stary Gózd,90,51.5621101,21.027918
85601,Stara Błotnica,49,51.5457981,20.9722902
52428,Sycyna-Kolonia,125,51.305869,21.5982534
52430,Paciorkowa Wola Nowa,63,51.389207,21.6350454
49112,Zwoleń,ul. Ludowa 35,51.3564745,21.5844652
52431,Barycz-Kolonia,1,51.3136956,21.6590228
84980,Huszlew,113,52.13919,22.84384
80430,Mostów,10,52.1205877,21.3709308
67825,Hadynów,1,52.1696984,22.6822847
82557,Próchenki,90,52.110137,22.6528742
82491,Olszanka,38A,52.147254,22.6684731
7238,Górki,4,52.2502808,22.8253056
7243,Platerów,ul. Siedlecka 7,52.3019807,22.8184308
42491,Rusków,104,52.3217872,22.7252593
263520,Czuchów-Pieńki,1,52.28157,22.78428
87222,Sarnaki,ul. 3 Maja 27,52.314485,22.8898812
88421,Serpelice,83,52.2799412,23.0499912
28481,Stara Kornica,172,52.1837509,22.9345214
35296,Kaliska,50,52.5324,21.6285
11287,Łochów,ul. Stefana Żeromskiego 3,52.5400862,21.6986664
262437,Łochów,ul. Stanisława Wyspiańskiego 20,52.5382686,21.6792426
34227,Zakrzówek-Wieś,7,51.2915835,21.3816399
34210,Kazanów,ul. Kościelna 52,51.2749452,21.4683529
43517,Kowalków-Kolonia,17,51.2335522,21.3786914
103378,Policzna,ul. Stefana Żeromskiego 44,51.4503026,21.625574
106274,Czarnolas,87,51.4311783,21.6895597
24632,Łaguszów,29,51.3688092,21.7872793
24667,Grabów nad Wisłą,57,51.355053,21.6754259
24477,Stefanów,38,52.4565941,19.5373278
272296,Przyłęk,142,51.32216,21.73598
26565,Brzezinki Stare,BN,51.3153767,21.4825263
26614,Janów,28A,51.8591583,21.1133184
26717,Rawica-Kolonia,BN,51.3296048,21.390722
39113,Tczów,113,51.3263482,21.4456688
87258,Ruchna,ul. Siedlecka 5,52.3744412,22.0598197
87257,Liw,ul. ks. K. R. Leszczyńskiego 2,52.3750352,21.9670594
86713,Miedzna,ul. Kościelna 15,52.4674168,22.0895914
66201,Sadowne,ul. Kościuszki 72,52.6408839,21.845991
90086,Grabiny,11,52.63847,21.77809
92888,Grygrów,1b,52.4975146,21.9006795
106679,Stoczek,ul. Węgrowska 34,52.5409124,21.8926944
92886,Topór,54,52.5718284,21.8362922
93107,Krypy,59,52.4065,21.96988
93105,Wierzbno,48,52.3037652,21.8583071
42873,Węgrów,ul. Tadeusza Kościuszki 16,52.3980474,22.0246414
262736,Węgrów,ul. Karola Szamoty 35,52.4053442,22.0246222
11909,Gwizdały,ul. Szkolna 9,52.549762,21.6297114
11916,Kamionna,ul. Szkolna 18,52.5190705,21.7706882
35079,Ostrówek,ul. Szkolna 2,52.3882386,21.3755179
10760,Łochów,ul. 1 Maja 47,52.5263402,21.7013972
29884,Olszanka,ul. Zachodnia 3,52.6027242,21.3836882
21899,Leszczydół Stary,38,52.6232836,21.4113353
120723,Wyszków,ul. Komisji Edukacji Narodowej 2,52.5880442,21.4453426
128240,Wyszków,ul. Geodetów 45a,52.5976141,21.4350968
133211,Wyszków,ul. Generała Józefa Sowińskiego 55,52.5989712,21.4532511
82701,Zabrodzie,ul. Szkolna 3,52.5084028,21.4142101
83229,Dębinki,ul. C. K. Norwida 26,52.5450077,20.740474
69998,Zabrodzie,ul. Wł. St. Reymonta 47,,
48007,Trzebucza,32,52.2340303,21.8869055
75057,Grębków,ul. Szkolna 1,52.269157,21.9104376
48006,Kopcie,21,52.2498121,22.0248571
75687,Sewerynów,81,52.4129733,21.7535553
75718,Górki-Grubaki,22a,52.4507429,21.8910839
103969,Pniewnik,35,52.3715511,21.8067691
81099,Korytnica,ul. Henryka Sienkiewicza 14,52.4151803,21.8500567
87256,Starawieś,ul. Szkolna 1,52.4561218,21.9441791
4508,Porządzie,93,52.69705,21.42374
4535,Stary Lubiel,22A,52.7606329,21.4337909
75458,Jackowo Górne,12,52.547329,21.2355041
75459,Kręgi,9,52.5691502,21.3677921
7997,Ulasek,28A,52.5875491,21.2853153
8813,Somianka,ul. Szkolna 6,52.5617673,21.2999723
8815,Wola Mystkowska,17,52.6235556,21.318279
8096,Popowo Kościelne,60,52.53537,21.19029
28760,Wyszków,ul. Geodetów 45,52.5985842,21.4321605
27059,Wyszków,ul. Stefana Batorego 6,52.5784269,21.4537208
27043,Leszczydół-Nowiny,ul. Szkolna 26,52.6468369,21.4702936
21950,Lucynów,ul. Szkolna 12,52.1469444,22.4655556
18985,Wyszków,ul. 11 Listopada 62,52.5927994,21.4500952
29745,Rybno,ul. Wyszkowska 87,52.5708968,21.420189
21796,Wyszków,ul. Jana Matejki 5,52.6023411,21.4581119
29894,Łosinno,ul. Szkolna 12,52.6247841,21.3609154
105796,Ząbki,ul. 11 Listopada 4,52.2982089,21.1036508
72177,Ząbki,ul. Józefa Piłsudskiego 95c,52.2791867,21.1144208
21109,Ząbki,ul. Kościelna 2,52.2775126,21.1269907
274902,Ząbki,ul. Harcerska 9,52.2866559,21.1125133
274903,Ząbki,ul. Stefana Batorego 37,52.2940811,21.1030779
277719,Ząbki,ul. Dzika 36,52.2812633,21.1237761
22117,Poręba Średnia,18,52.6863473,21.692691
22114,Brańszczyk,ul. Nadbużna 3,52.6282009,21.5848507
13019,Trzcianka,147,51.8654269,21.4573113
13023,Nowa Wieś,75,51.8091013,21.0869243
5947,Blochy,ul. Spacerowa 8,52.7369621,21.602739
6010,Stare Bosewo,ul. Rozwojowa 19,52.77088,21.55127
5917,Dalekie,69A,52.71753,21.53888
6004,Długosiodło,ul. Tadeusza Kościuszki 5,52.759577,21.5929004
4518,Komorowo,34,52.6694626,21.338833
6822,Rząśnik,ul. Wyszkowska 50B,52.7130725,21.3684196
19631,Duczki,ul. Szosa Jadowska 37,52.3642792,21.2866118
19635,Ossów,ul. Matarewicza 148,52.3086029,21.2200158
15226,Stare Grabie,ul. Cichorackiej 8,52.3699161,21.3161795
15227,Zagościniec,ul. Szkolna 1,52.3715409,21.2705897
15223,Wołomin,ul. Piłsudskiego 51,52.3502338,21.230032
122362,Wołomin,ul. Orwida 22,52.3418033,21.2321271
127926,Wołomin,ul. Legionów 63,52.3387209,21.2428039
262959,Wołomin,ul. Oleńki 9,52.3397697,21.2536985
27613,Zielonka,ul. Powstańców 3,52.3139161,21.152814
47613,Zielonka,ul. Krzywa 10,52.3177549,21.1629041
27612,Zielonka,ul. Stanisława Staszica 56,52.3030244,21.1574015
27614,Zielonka,ul. Woodrowa Wilsona 34/36,52.2965768,21.1565521
124060,Zielonka,ul. Marecka 76,52.3119974,21.1363667
262923,Zielonka,ul. Waleriana Łukasińskiego 1/3,52.3101913,21.1569401
71970,Ząbki,ul. Józefa Piłsudskiego 35,52.2870524,21.1087639
71420,Ząbki,ul. Stefana Batorego 11,52.2933603,21.1096599
482290,Słupno,ul. Szkolna 3,52.39963,21.1449736
68525,Strachówka,ul. Stefana Kmiecińskiego 3,52.4305116,21.6333552
69349,Postoliska,Plac 3-go Maja 18,52.4488195,21.4637686
87210,Mokra Wieś,ul. Marii Konopnickiej 12,52.4670967,21.5063855
84738,Kozły,ul. Niepodległości 50,52.4517997,21.4000574
83801,Jasienica,ul. Szkolna 8,52.4132837,21.4016751
84733,Miąse,ul. Kardynała Wyszyńskiego 44,52.3967333,21.4439316
84731,Stryjki,2,52.4194004,21.4928235
51804,Tłuszcz,ul. Kościelna 1,52.4312434,21.4429838
196291,Tłuszcz,ul. Radzymińska 2,52.4297127,21.429325
15225,Leśniakowizna,ul. Kasprzykiewicza 153,52.3129888,21.2758112
19633,Czarna,ul. Witosa 52,52.3690888,21.2264385
19627,Wołomin,ul. 1 Maja 19,52.339617,21.2435325
19629,Wołomin,ul. Lipińska 16,52.3420183,21.2478905
15224,Wołomin,ul. Poprzeczna 6,52.3473,21.2617614
19623,Wołomin,ul. Aleja Armii Krajowej 81,52.3509927,21.2417971
55331,Marki,ul. Okólna 14,52.3238601,21.0986186
55835,Marki,ul. Wspólna 42,52.3326127,21.1255095
82700,Marki,ul. Wczasowa 5,52.3581075,21.1369661
131373,Marki,ul. Kasztanowa 21,52.342554,21.1140041
54433,Cygów,ul. Szkolna 20,52.3337847,21.4299169
58672,Nowe Ręczaje,20A,52.3389937,21.3605813
56423,Zabraniec,ul. ks. Wł. Skonieckiego 8,52.2989832,21.3330724
72714,Słupno,Aleja Jana Pawła II 14,52.3835557,21.1543986
73306,Radzymin,ul. Marii Konopnickiej 24,52.416751,21.1665623
53691,Słupno,ul. Szkolna 3,52.39963,21.1449736
52351,Stare Załubice,ul. Mazowiecka 40,52.4817206,21.1167267
53711,Radzymin,ul. 11 Listopada 2,52.4138475,21.1837417
44114,Nadma,ul. Szkolna 7,52.3619825,21.1656875
57236,Ciemne,ul. Wołomińska 208,52.3888104,21.2025324
118381,Łąki,ul. Weteranów 207,52.4391849,21.1414487
480769,Radzymin,ul. Polskiej Organizacji Wojskowej 4,52.4178515,21.1838775
104967,Urle,ul. Żwirki i Wigury 4,52.51649,21.6237892
105551,Jadów,ul. 11 Listopada 15/17,52.4783418,21.6326999
57086,Myszadła,65A,52.47214,21.70136
86472,Szewnica,ul. Kościelna 28,52.4853602,21.562639
48898,Krusze,ul. Kryształowa 99 A,52.4415759,21.3648481
48900,Stary Kraszew,ul. Szkolna 5,52.4060174,21.2619759
81332,Klembów,ul. gen. Franciszka Żymirskiego 68,52.4063968,21.3315606
81330,Ostrówek,ul. Warszawska 2,51.7833299,21.1871306
48897,Dobczyn,ul. Mazowiecka 67,52.3870904,21.2997051
48899,Wola Rasztowska,ul. Szkolna 9,52.4415494,21.287128
86844,Kobyłka,ul. Jezuicka 1,52.3388662,21.1948913
87771,Kobyłka,ul. Elizy Orzeszkowej 3/5,52.3244396,21.2178094
82336,Kobyłka,ul. ks. Marcina Załuskiego 57,52.342268,21.2125589
106384,Marki,ul. Szkolna 9,52.3170922,21.1041642
262417,Marki,al. Marszałka Józefa Piłsudskiego 248/252,52.3623899,21.1381692
53788,Marki,ul. Pomnikowa 21,52.3402814,21.1136937
118815,Stare Babice,ul. gen. Władysława Sikorskiego 9,52.2523887,20.8462904
133420,Zielonki-Parcela,ul. Południowa 2,52.2484023,20.8222709
133421,Koczargi Stare,ul. Akacjowa 12,52.2658582,20.7955416
52984,Blizne Łaszczyńskiego,ul. Przyszłości 4,52.2408995,20.8846861
21170,Dziekanów Polski,ul. Rolnicza 435,52.3641489,20.847797
20793,Łomianki,ul. Warszawska 73,52.3372328,20.8948125
21172,Dziekanów Leśny,ul. por. Francisa Akinsa 6,52.3469733,20.8543502
25330,Łomianki,ul. Warszawska 141,52.342653,20.8801748
128445,Łomianki,ul. Krzysztofa Kamila Baczyńskiego 9,52.3367679,20.8989208
130341,Łomianki,ul. Warszawska 14,52.32417,20.9113852
263411,Łomianki,ul. Stanisława Staszica 2,52.3438108,20.8749434
133414,Łomianki,ul. Partyzantów 31,52.3195217,20.8836088
83774,Dąbrówka,ul. Tadeusza Kościuszki 20,52.45019,19.36263
103714,Józefów,ul. Kościelna 2,52.5033994,21.2177925
83818,Wszebory,ul. Trakt Napoleoński 45,52.47747,21.36092
83819,Guzowatka,81,52.4731151,21.2238237
26885,Bieniewice,ul. Błońska 62,52.182393,20.5638347
124290,Błonie,ul. Traugutta 14,52.1957885,20.613327
128276,Błonie,ul. Passowska 16A,52.2020626,20.6066328
262225,Błonie,ul. Narutowicza 4,52.197123,20.6158811
20480,Hornówek,ul. 3 Maja 49,52.2932884,20.8096749
126578,Kampinos,ul. Szkolna 5,52.2700727,20.4617483
31060,Leszno,ul. Leśna 13,52.260132,20.5862616
26514,Zaborów,ul. Stołeczna 182,52.2621139,20.6784466
72105,Święcice,ul. Poznańska 541,52.213143,20.6965714
71511,Ożarów Mazowiecki,ul. Lipowa 11,52.2146454,20.7747434
71921,Płochocin,ul. Lipowa 3,52.2078126,20.7193054
262613,Ożarów Mazowiecki,ul. Poznańska 183,52.2088615,20.7986309
72894,Ożarów Mazowiecki,ul. Szkolna 2,52.2120715,20.7948158
130629,Duchnice,ul. Duchnicka 25,52.1993454,20.7926444
19364,Stare Babice,ul. Polna 40,52.2539758,20.8411707
39022,Borzęcin Duży,ul. Warszawska 697,52.2519097,20.7363696
105297,Warszawa,ul. Jana Brożka 26,52.2419349,20.9371149
133623,Warszawa,ul. Grenady 16,52.2406639,20.960478
133625,Warszawa,ul. Smocza 19,52.247334,20.9839098
133627,Warszawa,ul. Księcia Janusza 45/47,52.2446602,20.9386564
272362,Warszawa,ul. Okopowa 59,52.2503175,20.9784872
20770,Warszawa,ul. Braci Załuskich 1,52.2666954,20.9692152
20767,Warszawa,ul. Mścisławska 1,52.2756531,20.9844977
103582,Warszawa,ul. Zygmunta Krasińskiego 1,52.2702784,20.9959339
123543,Warszawa,ul. Zygmunta Krasińskiego 31,52.2659073,20.976265
20768,Warszawa,ul. Or-Ota 5,52.2623915,20.9838707
133707,Warszawa,ul. Filarecka 2,52.2685302,20.9836313
133712,Warszawa,al. Aleja Wojska Polskiego 1A,52.2633989,20.9956834
277797,Warszawa,ul. Anny German 5A,52.2611533,20.9718736
10385,Błonie,ul. Poniatowskiego 19,52.1931016,20.6237409
196413,Błonie,ul. Okrzei 3,52.1926765,20.6177398
14768,Błonie,ul. Narutowicza 21,52.1964076,20.6111103
42063,Warszawa,ul. Deotymy 37,52.2432295,20.9474359
41455,Warszawa,ul. Esperanto 7a,52.245649,20.9793714
42185,Warszawa,ul. Ogrodowa 42/44,52.2386142,20.9864898
41649,Warszawa,ul. Elekcyjna 21/23,52.2341316,20.9475734
40898,Warszawa,ul. Redutowa 37,52.2340264,20.9401152
42023,Warszawa,ul. Jana Brożka 15,52.2421041,20.9390321
25025,Warszawa,ul. Ogrodowa 3a,52.2396461,20.9941545
70687,Warszawa,ul. Żelazna 103B,52.2418879,20.9844321
52983,Warszawa,ul. Józefa Bema 73/75,52.2276095,20.9584423
53017,Warszawa,ul. Karolkowa 49,52.2342934,20.9765499
133620,Warszawa,ul. Marcina Kasprzaka 1/3,52.22815,20.9771666
40545,Warszawa,ul. Jana Olbrachta 48/56,52.2353295,20.93634
40945,Warszawa,ul. Płocka 30,52.2380546,20.9660982
42836,Warszawa,ul. Żytnia 40,52.2394921,20.9742222
82713,Warszawa,ul. Hipolita Wawelberga 10,52.2360059,20.9697412
104258,Warszawa,ul. Eustachego Tyszkiewicza 42,52.2418936,20.9675626
30974,Warszawa,ul. Radarowa 4b,52.1922709,20.9658625
30971,Warszawa,ul. Przepiórki 16/18,52.2042118,20.9011578
128769,Warszawa,ul. 1 Sierpnia 8a,52.1920523,20.982749
130316,Warszawa,ul. Promienista 12a,52.2101751,20.9042563
53002,Warszawa,ul. Radarowa 6,52.1913558,20.9656415
124012,Warszawa,ul. Globusowa 38,52.2102872,20.9127974
129719,Warszawa,ul. Mikołajska 42,52.2091861,20.9316759
131706,Warszawa,ul. Zbigniewa Romaszewskiego 23,52.2754047,20.958279
272093,Warszawa,ul. Na Skraju 32,52.1603267,20.9383172
30973,Warszawa,ul. Cietrzewia 22a,52.2019157,20.9247749
40908,Warszawa,ul. Syreny 5/7,52.2341085,20.9623426
41174,Warszawa,ul. Ożarowska 69,52.2460422,20.9503648
25442,Warszawa,ul. Grzybowska 35,52.2350085,20.9949641
40717,Warszawa,ul. Grabowska 1,52.2284671,20.9533548
40716,Warszawa,ul. Miedziana 8,52.2287942,20.9917295
41126,Warszawa,ul. Esperanto 5,52.2441859,20.9803419
8472,Warszawa,ul. Przyczółkowa 27,52.1206775,21.1021022
30461,Warszawa,ul. Wiertnicza 26,52.1691538,21.0855855
7056,Warszawa,ul. Uprawna 9/17,52.1567932,21.0919266
6489,Warszawa,ul. Gubinowska 28/30,52.1738392,21.0688592
52982,Warszawa,ul. Wiertnicza 140,52.1774015,21.0758182
52998,Warszawa,ul. św. Urszuli Ledóchowskiej 3,52.1576796,21.0691514
121200,Warszawa,ul. Królewicza Jakuba 69,52.1750236,21.0722235
123511,Warszawa,ul. Kolegiacka 1,52.1675509,21.087932
128501,Warszawa,ul. Prymasa Augusta Hlonda 12,52.1586417,21.0657993
130612,Warszawa,ul. św. Urszuli Ledóchowskiej 10,52.155973,21.0693513
264708,Warszawa,ul. Wiertnicza 75,52.1722631,21.0802501
267771,Warszawa,ul. Prymasa Augusta Hlonda 20,52.1572512,21.0635971
274372,Warszawa,ul. Oś Królewska 25,52.1636893,21.0656179
41818,Warszawa,ul. Astronautów 17,52.1844159,20.9728445
29953,Warszawa,ul. Astronautów 11,52.1828445,20.9740153
30975,Warszawa,ul. Malownicza 31,52.1772882,20.9401008
52987,Warszawa,ul. Mieczysława Pożaryskiego 28,52.2071571,21.1739256
29542,Warszawa,ul. Króla Maciusia 5,52.2384381,21.1432063
29949,Warszawa,ul. Azaliowa 10,52.2371416,21.1537426
52988,Warszawa,ul. Mieczysława Pożaryskiego 28,52.2071571,21.1739256
105293,Warszawa,ul. Trakt Lubelski 40,52.1769564,21.1532244
105306,Warszawa,ul. Patriotów 90,52.1707385,21.2031266
277512,Warszawa,ul. Cyklamenów 28,52.1848755,21.1424454
87205,Warszawa,ul. Brata Alberta 46,52.2392235,21.1908217
54139,Warszawa,inne Trakt Brzeski 18,,
34237,Warszawa,ul. Armii Krajowej 9,52.2510252,21.2168181
43929,Warszawa,ul. Cieplarniana 23,52.2186625,21.2354531
53000,Warszawa,ul. Wspólna 55,52.2485436,21.19455
133545,Warszawa,ul. Klimatyczna 1,52.2171653,21.2399715
54132,Warszawa,ul. Armii Krajowej 39,52.2506813,21.2264503
54142,Warszawa,pl. Plac Wojska Polskiego 28,52.2554899,21.230459
482616,Warszawa,ul. Fabryczna 6a,52.2203464,21.2294101
274412,Warszawa,ul. Jerzego Zaruby 7,52.1284508,21.0730767
30878,Warszawa,ul. Michała Kajki 80/82,52.2210277,21.1637693
28624,Warszawa,ul. Wolna 36/38,52.1703475,21.2162922
30913,Warszawa,ul. Bajkowa 17/21,52.1880255,21.1764317
27990,Warszawa,ul. Przygodna 2,52.1977224,21.1333261
30870,Warszawa,ul. Mieczysława Pożaryskiego 2,52.2029357,21.1805353
27605,Warszawa,ul. Kadetów 15,52.2132479,21.1104995
83672,Warszawa,ul. Bartoszycka 45/47,52.163936,21.2220584
30166,Warszawa,ul. Poezji 5,52.1558833,21.2027232
26789,Warszawa,ul. Koryncka 33,52.2191197,21.1444065
29806,Warszawa,ul. Wilgi 19,52.1860287,21.1934586
82711,Warszawa,ul. Wał Miedzeszyński 141,52.1614721,21.1666487
31706,Warszawa,ul. Patriotów 347,52.2099353,21.1620144
31814,Warszawa,ul. Żwanowiecka 46/50,52.1742158,21.2052932
125191,Warszawa,ul. Stanisława Jachowicza 4,52.1530281,21.2046542
13192,Warszawa,ul. Patriotów 148,52.1817929,21.1922002
25029,Warszawa,ul. Wiolinowa 6,52.1591801,21.0277091
82709,Warszawa,ul. Nowoursynowska 139 U,52.150007,21.0600029
34221,Warszawa,ul. Marii Grzegorzewskiej 10,52.1515075,21.0557231
30711,Warszawa,ul. płk. Zoltána Baló 1,52.1328536,21.0609055
19870,Warszawa,ul. Wilczy Dół 4,52.1285214,21.0582151
25031,Warszawa,ul. Jerzego Zaruby 2,52.128141,21.0755418
105753,Warszawa,ul. Jagielska 2,52.1121737,21.0399146
133567,Warszawa,ul. Hawajska 14a,52.1508815,21.0414663
23460,Warszawa,ul. Mandarynki 1,52.1455043,21.0606591
34796,Warszawa,ul. Przy Bażantarni 3,52.1373548,21.0657872
118680,Warszawa,ul. Bażancia 16,52.1089279,21.0335286
122373,Warszawa,ul. Nowoursynowska 154 a,52.154132,21.0569457
127832,Warszawa,ul. Bogatki 23,52.1321901,21.0209349
133732,Warszawa,ul. Kajakowa 10,52.1306278,21.0207898
263733,Warszawa,ul. Poleczki 7,52.1532705,21.0136283
264398,Warszawa,ul. Jana Rosoła 10,52.1342075,21.0765144
75025,Warszawa,ul. gen. Kazimierza Sosnkowskiego 10,52.1894518,20.8903239
275580,Warszawa,ul. Ryżowa 33b,52.1932156,20.9094932
23372,Warszawa,ul. Leonida Teligi 3,52.1524231,21.0470175
60888,Warszawa,ul. Puszczyka 6,52.1578622,21.0249033
23529,Warszawa,ul. Witolda Małcużyńskiego 4,52.1357928,21.0563278
22206,Warszawa,ul. Taneczna 54/58,52.1465358,21.0162839
23047,Warszawa,ul. Hawajska 7,52.1490505,21.0411351
23401,Warszawa,ul. Edwarda Dembowskiego 9,52.1516921,21.031928
22214,Warszawa,ul. Koncertowa 8,52.1647911,21.030555
23079,Warszawa,ul. Jana Cybisa 1,52.1542838,21.0256103
23729,Warszawa,ul. Stefana Kopcińskiego 7,52.1566368,21.0536744
23395,Warszawa,ul. Związku Walki Młodych 10,52.1577223,21.0393229
23448,Warszawa,ul. Ludwika Hirszfelda 11,52.145169,21.0401658
22197,Warszawa,ul. Sarabandy 16/22,52.1133253,21.0145921
23626,Warszawa,ul. Eugeniusza Lokajskiego 3,52.1397441,21.0629327
31704,Warszawa,ul. Wacława Lachmana 2,52.1575504,21.0417955
133613,Warszawa,ul. Bartnicza 8,52.2874193,21.0289321
48843,Warszawa,ul. Turmoncka 20,52.2984677,21.0412293
48848,Warszawa,ul. Remiszewska 40,52.272142,21.0538334
119791,Warszawa,ul. Skrajna 10,52.2940555,21.0206216
133612,Warszawa,ul. Trocka 4,52.2744278,21.0608799
262848,Warszawa,ul. Skrajna 10,52.2940555,21.0206216
274382,Warszawa,ul. Rembrandta 8,52.281972,21.0503731
122172,Warszawa,ul. Orłów Piastowskich 47,52.2007543,20.8689973
74888,Warszawa,ul. Walerego Sławka 9,52.1926586,20.895426
34231,Warszawa,ul. Traktorzystów 16,52.1982814,20.889177
52992,Warszawa,ul. Henryka II Pobożnego 1,52.1995406,20.8664424
133576,Warszawa,ul. Warszawska 63,52.1936142,20.8615448
133574,Warszawa,ul. Konińska 2,52.1947661,20.8950578
133575,Warszawa,ul. Michała Drzymały 1,52.1873213,20.8880291
267728,Warszawa,ul. Dzieci Warszawy 42A,52.1970362,20.8997313
74989,Warszawa,ul. Mariana Keniga 20,52.1965768,20.8685889
53026,Warszawa,ul. Czerniakowska 128,52.2026463,21.0492022
124008,Warszawa,ul. Piękna 24/26,52.2238744,21.0180591
264241,Warszawa,ul. Świętojerska 24,52.249638,20.9997022
264822,Warszawa,ul. Karmelicka 26,52.2507971,20.9899244
275570,Warszawa,al. Aleja Wyzwolenia 7,52.2193688,21.022055
48846,Warszawa,ul. Krakusa 2,52.2916468,21.0258391
48842,Warszawa,ul. Samarytanka 11a,52.2804702,21.0576764
52372,Warszawa,ul. Radzymińska 227,52.2555602,21.0496379
48845,Warszawa,ul. Suwalska 29,52.2953785,21.0380215
56368,Warszawa,ul. Bartnicza 2,52.2860986,21.0236165
11490,Warszawa,ul. Gościeradowska 18/20,52.2744154,21.0451248
48844,Warszawa,ul. św. Hieronima 2,52.2936752,21.023386
44250,Warszawa,ul. Mieszka I 7,52.2677796,21.0689511
48841,Warszawa,ul. Balkonowa 4,52.2860843,21.0385547
82710,Warszawa,ul. Toruńska 23,52.2958432,21.0166087
133615,Warszawa,ul. Krasiczyńska 4/6,52.2944171,21.0468288
34635,Warszawa,ul. Wilcza 53,52.2237542,21.0108369
43840,Warszawa,al. Aleja Jana Pawła II 26a,52.2372829,20.9981672
43836,Warszawa,ul. Karmelicka 13,52.2468639,20.9921946
43837,Warszawa,ul. Nowy Świat 21a,52.2321032,21.0184324
35188,Warszawa,ul. ks. Ignacego Skorupki 8,52.2259697,21.0167148
34634,Warszawa,ul. Górnośląska 45,52.2238659,21.0295513
35094,Warszawa,ul. Ciasna 13,52.2518257,21.0054054
34633,Warszawa,ul. Dow Bera Meiselsa 1,52.2528637,20.9940513
31698,Warszawa,ul. Piękna 24/26,52.2238744,21.0180591
29947,Warszawa,"al. Aleja ""Solidarności"" 113c",52.2417141,20.9957305
38742,Warszawa,ul. Stefanii Sempołowskiej 4,52.2189703,21.0202672
41863,Warszawa,ul. Drewniana 8,52.2395706,21.0257535
120192,Warszawa,ul. Raszyńska 22,52.221079,20.9892532
34570,Warszawa,ul. Fabryczna 19,52.2241212,21.0380442
34983,Warszawa,ul. Niecała 14,52.2427271,21.0089944
52991,Warszawa,ul. Szwoleżerów 4,52.2165593,21.0426778
21235,Warszawa,ul. Kawęczyńska 2,52.2555365,21.049699
21344,Warszawa,ul. Kowieńska 12/20,52.263402,21.0417695
19491,Warszawa,ul. Otwocka 3,52.2593075,21.0572597
21253,Warszawa,ul. Białostocka 10/18,52.2540159,21.0392635
103585,Warszawa,ul. Kawęczyńska 23/25,52.2569428,21.0538766
133484,Warszawa,ul. Józefa Sierakowskiego 9,52.2504625,21.030977
61432,Warszawa,ul. Ignacego Paderewskiego 45,52.2630102,21.1564304
103940,Warszawa,ul. Niepołomicka 26,52.246773,21.1362137
88214,Warszawa,ul. Dwóch Mieczy 5,52.2529807,21.164313
81772,Warszawa,al. Aleja Sztandarów 2,52.2657221,21.1702931
103935,Warszawa,ul. Niepołomicka 26,52.246773,21.1362137
105304,Warszawa,ul. Strażacka 57,52.2594726,21.1324092
262429,Warszawa,"ul. gen. Karola Ziemskiego ""Wachnowskiego"" 22",52.2589768,21.177008
268561,Warszawa,ul. Cyrulików 87,52.2572477,21.1668213
44669,Warszawa,ul. Moliera 2/4,52.2439308,21.0116061
34745,Warszawa,ul. Leona Kruczkowskiego 12b,52.2360424,21.0283464
262236,Warszawa,ul. Boremlowska 6/12,52.2471817,21.1082704
262232,Warszawa,ul. Afrykańska 11,52.2274596,21.069347
105299,Warszawa,ul. Osowska 81,52.2464974,21.0940207
20653,Warszawa,ul. Zbaraska 3,52.2440508,21.0723618
21340,Warszawa,ul. gen. Tadeusza Bora-Komorowskiego 31,52.2252003,21.0874008
24685,Warszawa,ul. Cyrklowa 1,52.2314269,21.0796493
25027,Warszawa,ul. Paryska 25,52.2288379,21.0573472
53015,Warszawa,ul. Alfreda Nobla 16,52.233842,21.059397
80253,Warszawa,ul. Egipska 7,52.2254395,21.0681917
122233,Warszawa,ul. Mińska 1/5,52.2479871,21.0557907
262234,Warszawa,ul. gen. Romana Abrahama 10,52.2273637,21.0877879
277567,Warszawa,ul. Jana Nowaka-Jeziorańskiego 22,52.2314209,21.0977328
277594,Warszawa,ul. Tarnowiecka 4,52.2354828,21.1062147
481855,Warszawa,ul. Ostrobramska 95,52.2345634,21.0954362
21312,Warszawa,ul. Bertolta Brechta 8,52.2597373,21.0320367
25422,Warszawa,ul. Jagiellońska 7,52.2499974,21.0357476
34224,Warszawa,ul. Harfowa 2,52.200244,20.9651968
21304,Warszawa,ul. Osiecka 28/32,52.2377272,21.1048951
21969,Warszawa,ul. Białowieska 22,52.2381731,21.0925319
21572,Warszawa,ul. Kwatery Głównej 13,52.2440644,21.11291
23880,Warszawa,ul. Kamionkowska 36/44,52.2472443,21.0652321
22084,Warszawa,ul. Władysława Umińskiego 12,52.2274358,21.1012333
20888,Warszawa,ul. Międzyborska 64/70,52.2409372,21.0790038
23746,Warszawa,ul. Zwycięzców 44,52.2328411,21.0661132
20772,Warszawa,ul. Ludwika Michała Paca 44,52.2493439,21.0816577
23514,Warszawa,ul. Grzegorza Przemyka 5,52.2290726,21.0809455
21185,Warszawa,Aleja Stanów Zjednoczonych 27,52.2292755,21.0632876
21044,Warszawa,ul. Szaserów 117,52.2479431,21.0978873
31801,Warszawa,ul. Ostrobramska 76,52.2338844,21.1108634
25028,Warszawa,ul. Ostrobramska 72,52.2352403,21.1124956
34229,Warszawa,ul. ks. Jana Sztuki 13,52.2455918,21.1031865
262235,Warszawa,ul. Angorska 2,52.2375432,21.0578064
263454,Warszawa,ul. Wołoska 5,52.1850674,21.0023321
111978,Warszawa,ul. Stępińska 13,52.2038552,21.0374875
90364,Warszawa,ul. Rakowiecka 21,52.2081841,21.0162656
60286,Warszawa,ul. Niegocińska 2,52.1741847,21.0087092
481102,Warszawa,Aleja Wyścigowa 8A,52.1659873,21.0124841
103820,Warszawa,ul. Barska 4,52.2195069,20.9818265
23311,Warszawa,ul. Walentego Skorochód-Majewskiego 17,52.2029629,20.9725016
17902,Warszawa,ul. Mikołaja Reja 1,52.2172112,20.9927524
23289,Warszawa,ul. Trzech Budrysów 32,52.2085543,20.9660967
25238,Warszawa,ul. Powstańców Wielkopolskich 4,52.2048959,20.9682995
23192,Warszawa,ul. Spiska 1,52.2216995,20.9839966
16880,Warszawa,ul. Jasielska 49/53,52.2012661,20.9813904
23346,Warszawa,ul. Gorlicka 3,52.1949622,20.978329
23178,Warszawa,ul. Białobrzeska 27,52.2152883,20.9739519
31075,Warszawa,ul. Ludwika Krzywickiego 30,52.2195821,21.0006318
38438,Warszawa,ul. Wawelska 66/74,52.2167107,20.9843775
28118,Warszawa,ul. Obrzeżna 12a,52.1721131,21.0005128
52986,Warszawa,ul. Racławicka 14,52.1995673,21.0196396
52981,Warszawa,ul. Bełska 7,52.1916644,20.9988358
53025,Warszawa,ul. Niedźwiedzia 46,52.1772133,21.0200928
263079,Warszawa,ul. Czerniakowska 137,52.2125155,21.0466536
133455,Warszawa,ul. Jana III Sobieskiego 68,52.1846643,21.0556131
53020,Warszawa,ul. Chocimska 5,52.2078849,21.023577
60283,Warszawa,"ul. Jana Bytnara ""Rudego"" 19",52.1922752,21.0069818
60287,Warszawa,ul. Barcelońska 8,52.1763187,21.0553318
60289,Warszawa,ul. Wałbrzyska 5,52.1727511,21.0279107
60291,Warszawa,ul. Ludwika Narbutta 14,52.2073055,21.018706
60296,Warszawa,ul. Wiktorska 73,52.1979381,21.0092027
80397,Warszawa,ul. Gościniec 53,52.2118122,21.0736501
105308,Warszawa,ul. Dolna 19,52.2005232,21.0303941
128602,Warszawa,ul. Czerska 14,52.2063606,21.0451621
196257,Warszawa,ul. Mahatmy Gandhiego 13,52.1934658,21.0081264
60295,Warszawa,ul. Domaniewska 33,52.1827524,21.0101782
60278,Warszawa,"ul. Pułku AK ""Baszta"" 3",52.1906318,21.005565
83750,Warszawa,ul. Piaseczyńska 114/116,52.1984863,21.0329303
60290,Warszawa,ul. Giordana Bruna 11,52.2085398,21.001672
60280,Warszawa,ul. Kazimierzowska 16,52.199897,21.0181716
81165,Warszawa,ul. św. Bonifacego 10,52.1772051,21.0486368
60281,Warszawa,ul. Czarnomorska 3,52.1832175,21.0483917
60292,Warszawa,ul. Jeziorna 5/9,52.1875302,21.0709377
60284,Warszawa,ul. Spartańska 4,52.1916538,20.9961421
29946,Warszawa,ul. Jana Sebastiana Bacha 2,52.1728062,21.0327339
31793,Warszawa,ul. Edwarda Józefa Abramowskiego 4,52.1848957,21.0173424
29860,Warszawa,ul. Puławska 97,52.198733,21.0251516
110104,Warszawa,ul. Bolesława Limanowskiego 15,52.1891787,21.0550016
81771,Warszawa,ul. Teresińska 9,52.2002369,21.0473642
60805,Warszawa,ul. Gwintowa 3,52.207812,21.0830386
28117,Warszawa,ul. Bachmacka 3,52.1939008,21.0044341
34222,Warszawa,ul. Kolektorska 9/11,52.2754817,20.9685674
133677,Warszawa,ul. Stanisława Przybyszewskiego 45,52.276314,20.9410418
133678,Warszawa,ul. Lwa Tołstoja 2,52.2842133,20.9329554
5120,Warszawa,ul. Josepha Conrada 6,52.2720535,20.9290118
26496,Warszawa,ul. Jana Kochanowskiego 8,52.2674274,20.954714
31811,Warszawa,ul. Kazimierza Wóycickiego 1/3,52.3128566,20.9174229
53024,Warszawa,ul. Marymoncka 34,52.2830317,20.9588947
128471,Warszawa,ul. Josepha Conrada 7,52.2711071,20.9277321
482101,Warszawa,ul. Arkuszowa 202,52.2876771,20.8773281
60275,Warszawa,ul. Bokserska 30,52.168349,21.0058676
60288,Warszawa,ul. Cieszyńska 8,52.1839923,21.0271796
60285,Warszawa,ul. Zakrzewska 24 B,52.2049464,21.0400639
60277,Warszawa,ul. Zwierzyniecka 10,52.20963,21.0504335
60299,Warszawa,ul. Artura Grottgera 22,52.2054887,21.0280764
92385,Warszawa,ul. Nowoursynowska 210/212,52.1735336,21.039039
60276,Warszawa,ul. Okrężna 80,52.1833958,21.0646975
23502,Warszawa,ul. Rudzka 6,52.2806148,20.9742003
23510,Warszawa,ul. Władysława Broniewskiego 99a,52.2722648,20.9387622
23501,Warszawa,ul. Aspekt 48,52.2757822,20.9315211
29951,Warszawa,ul. Władysława Smoleńskiego 31,52.2796476,20.9621429
31797,Warszawa,ul. Wolumen 3,52.284353,20.9395287
23509,Warszawa,ul. Józefa Balcerzaka 1,52.2924064,20.9338712
23504,Warszawa,ul. Antoniego Fontany 3,52.2782148,20.9496087
28116,Warszawa,ul. Kazimierza Wóycickiego 1/3,52.3128566,20.9174229
34507,Warszawa,ul. Szegedyńska 11,52.2914882,20.9428398
34499,Warszawa,ul. Antoniego Fontany 1,52.274046,20.9483518
23506,Warszawa,Aleja Władysława Reymonta 25,52.2836905,20.9390775
23505,Warszawa,ul. Leopolda Staffa 21,52.2740917,20.9568152
23507,Warszawa,ul. Jana Kasprowicza 107,52.2844927,20.9420273
23503,Warszawa,ul. Samogłoska 9,52.3107223,20.9199629
23508,Warszawa,ul. Wrzeciono 9,52.289303,20.9376361
52985,Warszawa,ul. Tomasza Nocznickiego 7,52.2961444,20.9385231
110249,Warszawa,ul. Myśliborska 25,52.3024178,20.9770573
110253,Warszawa,ul. Porajów 3,52.3149458,20.9589572
110254,Warszawa,ul. Strumykowa 21A,52.3310972,20.9438306
110255,Warszawa,ul. Erazma z Zakroczymia 15,52.3217817,20.948918
110252,Warszawa,ul. Podróżnicza 11,52.326323,20.9731529
38444,Warszawa,ul. Liczydło 3,52.3138314,20.979863
122579,Warszawa,ul. Głębocka 66,52.3117029,21.067355
263050,Warszawa,ul. Przytulna 3,52.3570333,20.9831708
24960,Warszawa,ul. Józefa Mehoffera 90,52.3362437,20.9641765
53022,Warszawa,ul. Białołęcka 186d,52.3110375,21.030507
122577,Warszawa,ul. Ceramiczna 11,52.3209988,20.960815
263047,Warszawa,ul. Płużnicka 4,52.3120481,20.9737798
263048,Warszawa,ul. Strumykowa 21,52.330628,20.9446585
263052,Warszawa,ul. Mariana Hemara 16,52.3272088,21.0382968
274375,Warszawa,ul. Ruskowy Bród 19,52.3440196,21.0566786
478003,Warszawa,ul. Modlińska 184a,52.3253108,20.9699472
15808,Warszawa,ul. Oławska 3,52.2591871,20.9255081
16905,Warszawa,ul. ppłk. Wacława Szadkowskiego 3,52.2519413,20.920443
25035,Warszawa,ul. Muszlowa 15,52.2343371,20.9116939
53028,Warszawa,ul. Lazurowa 67,52.228739,20.8957145
59641,Warszawa,ul. Karola Irzykowskiego 1a,52.2307584,20.9030356
63416,Warszawa,ul. Brygadzistów 18,52.2255088,20.9127414
123456,Warszawa,ul. Zachodzącego Słońca 25,52.2602614,20.9164307
134005,Warszawa,ul. gen. Waleriana Czumy 8,52.2360485,20.9106199
134006,Warszawa,ul. Rozłogi 10,52.2233098,20.9019938
134007,Warszawa,ul. Michała Elwira Andriollego 1,52.2515611,20.9279728
110251,Warszawa,ul. Juranda ze Spychowa 10,52.3164457,21.033057
28115,Warszawa,ul. Dziatwy 6,52.3307348,20.9693687
110248,Warszawa,ul. Zaułek 34,52.3272925,21.0668519
103920,Warszawa,ul. Kobiałka 49,52.363359,21.0454223
110250,Warszawa,ul. Leśnej Polanki 63/65,52.338058,20.9454388
110247,Warszawa,ul. Bohaterów 41,52.3402153,20.9933417
104013,Bieszków Dolny,87,51.2028303,20.987999
29544,Mirów Stary,34,51.1923187,21.028128
30653,Zbijów Mały,1,51.17241,21.02425
57148,Orońsko,ul. Szkolna 3,51.3134481,20.9901717
57152,Guzów,20,52.12525,20.33605
57153,Wałsnów,22a,51.2851699,20.9460428
90079,Ciepła,24B,51.312479,20.9193183
89340,Majdów,30,51.1586988,20.7780869
14074,Wysoka,37,51.2932128,20.8805398
88448,Szydłowiec,ul. Wschodnia 57,51.228977,20.8624472
13964,Szydłowiec,ul. Wschodnia 19,51.2239271,20.8632012
20769,Warszawa,ul. Przasnyska 18A,52.2647603,20.9644757
15297,Warszawa,ul. Stanisława Konarskiego 20,52.2405199,20.9188037
16899,Warszawa,ul. Stanisława Szobera 1/3,52.2356901,20.9015097
60578,Warszawa,ul. gen. Wiktora Thomméego 1,52.2607285,20.9019303
16233,Warszawa,ul. Tkaczy 27,52.2227876,20.9061906
63415,Sokołów Podlaski,ul. Węgrowska 22,52.4075453,22.2154746
80680,Sokołów Podlaski,ul. Kupientyńska 15,52.4105537,22.2551948
262750,Sokołów Podlaski,ul. Skłodowskiej-Curie 16,52.4085591,22.2386136
132912,Sokołów Podlaski,ul. Księdza Bosco 1,52.4052782,22.2427852
262747,Sokołów Podlaski,ul. Repkowska 3,52.4028256,22.2585842
70343,Skibniew-Podawce,ul. Szkolna 8,52.4967223,22.1851447
70349,Grochów Szlachecki,ul. Władysława Rawicza 1,52.3960055,22.1259576
70560,Nowa Wieś,ul. Szkolna 2,53.0883318,21.4111152
69239,Sterdyń,ul. Wojska Polskiego 17,52.5768284,22.2973098
69081,Łazów,7,52.56267,22.36884
84202,Budki Drugie,1,51.2064298,20.7925409
86996,Chlewiska,ul. Szkolna 15,51.2456177,20.7617494
84201,Cukrówka,57,51.26749,20.78359
40731,Gąsawy Rządowe,144A,51.2055135,20.9302046
40911,Wola Lipieniecka Duża,41,51.2664408,20.9974182
57614,Jastrząb,ul. Kościuszki 51B,51.2467635,20.9468572
107442,Kąty,74B,52.2362515,20.198998
70659,Paprotnia,ul. Sochaczewska 10,52.21179,20.43377
64422,Budki Piaseckie,17,52.1974307,20.3322159
64419,Teresin,al. Księcia Druckiego-Lubeckiego 3,52.1986349,20.4084388
64421,Szymanów,ul. Szkolna 35,52.1616414,20.3810754
18262,Rozbity Kamień,ul. Wiktora Szajkowskiego 7,52.3347203,22.1807331
18138,Bielany-Jarosławy,65,52.33631,22.24209
109151,Ceranów,206,52.6307826,22.2279919
56496,Jabłonna Lacka,ul. Klonowa 6,52.4765532,22.4422915
80143,Kosów Lacki,ul. Armii Krajowej 6,52.5960805,22.1471764
40199,Repki,ul. Osiedlowa 8,52.3857809,22.390667
40201,Wyrozęby-Podawce,1,52.3419819,22.4509722
40200,Skrzeszew,98,52.4007216,22.5131781
39645,Sabnie,ul. Słoneczna 1,52.5009994,22.3062034
8901,Nieciecz Włościańska,30,52.4606688,22.3026287
80679,Sokołów Podlaski,ul. Polna 8,52.4010397,22.2502046
3641,Kurdwanów,35,52.1358614,20.2424694
3688,Nowa Sucha,16,52.2548842,21.9988842
122070,Rybno,ul. Długa 11,52.2435709,20.1000348
74224,Sochaczew,ul. 15 Sierpnia 44,52.2158656,20.2279396
84898,Sochaczew,ul. Prezydenta Ryszarda Kaczorowskiego 5,52.2254569,20.2396393
13397,Sochaczew,ul. Fryderyka Chopina 99,52.2543967,20.2753271
196313,Sochaczew,ul. Stanisława Staszica 106,52.2386198,20.2453217
5908,Sochaczew,ul. Stadionowa 4,52.207691,20.2225202
74675,Sochaczew,ul. Stanisława Staszica 25,52.2331561,20.2391347
262628,Sochaczew,ul. Prezydenta Ryszarda Kaczorowskiego 7,52.225421,20.2411537
71676,Mokas,26,52.2729042,20.3257555
103700,Wyczółki,21A,52.1736633,20.2691908
82631,Żuków,104a,52.2717209,20.2658065
71677,Feliksów,20,52.3510768,19.5060972
71678,Gawłów,79A,52.2573085,20.2227908
262652,Wymysłów,17,52.2296829,20.3527318
92016,Szczutowo,ul. Lipowa 2,52.9352888,19.5766482
84864,Słupia,43,52.76233,19.85594
85114,Stropkowo,2,52.8092767,19.8306405
78968,Zawidz Kościelny,ul. Mazowiecka 47,52.8277244,19.8735798
51427,Śladów,101,52.3724,20.27803
51426,Brochów,27,52.3223447,20.2602895
262477,Lasocin,3,52.3063557,20.3229537
23898,Kaptury,5,52.3008878,19.9771213
26781,Brzozów Stary,67,52.3005738,20.0451694
23899,Iłów,ul. Płocka 14,52.3395204,20.0262978
18951,Załusków,8,52.3172498,19.9825008
92273,Młodzieszyn,ul. Wspólna 13A,52.2986514,20.1860491
92271,Kamion Poduchowny,9,52.3628464,20.1994022
92270,Janów,71A,52.268939,20.1656648
7317,Kozłów Biskupi,ul. Olimpijska 1,52.1920336,20.1926241
3660,Kozłów Szlachecki,54,52.1729548,20.134528
87755,Izdebki-Kosny,38,52.102568,22.5961118
72135,Ługi Wielkie,39,52.1211485,22.3945715
49610,Lelice,ul. Szkolna 1,52.7368131,19.7672
50447,Gozdowo,ul. Krystyna Gozdawy 21,52.723989,19.6862064
27352,Bożewo Nowe,ul. Szkolna 2,52.7169846,19.5650528
27413,Mochowo-Parcele,ul. Szkolna 1,52.7658333,19.5452778
27452,Ligowo,ul. Parkowa 2,52.8242472,19.4829422
47536,Łukomie,53a,52.9166373,19.717661
75513,Rościszewo,ul. Władysława Reymonta 4,52.9009267,19.7748102
24714,Sierpc,ul. Dworcowa 5b,52.8505222,19.6502726
25167,Sierpc,ul. Konstytucji 3 Maja 8,52.856619,19.6625627
24722,Sierpc,ul. Płocka 38a,52.8502227,19.6689878
65134,Goleszyn,ul. Niepodległości 2,52.7839836,19.7211256
65138,Borkowo Kościelne,ul. Szkolna 2,52.8409682,19.7140063
65135,Bledzewo,11A,52.8242717,19.6182841
107429,Gójsk,ul. Lipnowska 3B,52.9012413,19.5273605
47179,Dąbrówka-Stany,ul. Bohdana Arcta 4,52.1110955,22.0945766
47540,Skórzec,ul. Siedlecka 1,52.1091111,22.139491
47722,Grala-Dąbrowizna,65,52.0723301,22.110619
34678,Suchożebry,ul. Siedlecka 6,52.2612769,22.2541988
103430,Wiśniew,ul. Tadeusza Kościuszki 54,52.0729641,22.2947505
104448,Śmiary,68,52.0404074,22.2497221
104389,Radomyśl,46,52.0391383,22.3586908
263493,Gostchorz,53B,52.0472884,22.2980642
121376,Wodynie,ul. Siedlecka 7,52.0405263,21.9561634
69068,Ruda Wolińska,44,52.0575595,22.0549835
110219,Seroczyn,ul. Siedlecka 11,52.5695753,22.3495083
106644,Borki-Kosy,24,52.0866792,22.3683325
71497,Cielemęc,44,52.1419625,22.4337082
71687,Dziewule,ul. Kościelna 10,52.0496835,22.4001471
63456,Krzesk-Królowa Niwa,23,52.0586787,22.6134016
63462,Zbuczyn,ul. Jana Pawła II 3,52.0897875,22.4345132
22743,Kotuń,ul. Szkolna 2,52.1779129,22.0700859
15810,Mokobody,ul. Wiatraczna 14,52.2654877,22.1114012
22683,Niwiski,ul. Rynek 21,52.2207018,22.1709664
25431,Mordy,ul. Kilińskiego 13,52.2112989,22.5170678
263503,Wojnów,11,52.21637,22.57827
107687,Hołubla,ul. Unitów Podlaskich 35,52.2778494,22.436633
107672,Paprotnia,ul. Jana Pawła II 5,52.2995888,22.4698853
6711,Przesmyki,ul. Narutowicza 18,52.267829,22.5828795
6708,Łysów,89,52.2930101,22.6827109
9677,Żelków-Kolonia,ul. Siedlecka 202,52.1408441,22.2073273
11523,Białki,ul. Diamentowa 1,52.1314708,22.292458
6539,Golice,ul. Szkolna 2,52.198502,22.3370783
10046,Chodów,ul. Sokołowska 1,52.20418,22.2448
6583,Nowe Iganie,ul. Siedlecka 113,52.1728389,22.2063567
6360,Pruszyn,ul. Dolina Liwca 46,52.5648342,20.4329186
16265,Stok Lacki,ul. Siedlecka 135,52.1567664,22.3563348
70441,Siedlce,ul. Wiśniowa 5,52.1747811,22.2806327
64380,Siedlce,ul. Graniczna 1,52.1801403,22.2744119
70439,Siedlce,ul. Mazurska 10,52.1631378,22.2535443
68720,Siedlce,ul. Sokołowska 172,52.1909657,22.2676159
263091,Siedlce,ul. Szkolna 2,52.1678637,22.2635246
263096,Siedlce,ul. Pescantina 2,52.1601015,22.2447075
263088,Siedlce,ul. Stanisława Konarskiego 5,52.1709182,22.2830302
70020,Siedlce,ul. Józefa Mireckiego 28,52.1822279,22.2829482
70442,Siedlce,ul. Unitów Podlaskich 16,52.1553078,22.2432882
128678,Siedlce,ul. Brzeska 65,52.1606336,22.2898662
263110,Siedlce,ul. Szkolna 33,52.1685059,22.2602527
71326,Domanice-Kolonia,18,52.0439973,22.1852342
71344,Olszyc Szlachecki,25,52.0270635,22.1090803
105183,Korczew,ul. Szkolna 4,52.35062,22.61436
22745,Bojmie,ul. Południowa 6,52.2038725,21.9536517
22749,Żeliszew Podkościelny,13,52.13885,22.00891
4818,Wierzbica,ul. Żeromskiego 62,51.2469071,21.0713971
196243,Wierzbica,ul. Sienkiewicza 55,51.2468558,21.0670248
20274,Mniszek,101,51.3666726,20.8700348
16798,Bieniędzice,21,51.411488,20.9286858
16797,Sławno,49,51.3906517,21.0262177
21371,Wolanów,ul. Kolejowa 29,51.3795633,20.9756935
49239,Bielicha,ul. Przytycka 184,51.4154284,21.0874185
89390,Dąbrówka Podłężna,29B,51.477302,21.0501088
55621,Wola Taczowska,11B,51.4490575,21.0449448
84857,Zakrzew,58D,51.4456826,21.0018874
85819,Cerekiew,ul. Wesoła 2,51.4093726,21.0551472
263094,Siedlce,ul. Sekulska 10,52.1625123,22.2809004
92370,Siedlce,ul. Generała Gustawa Orlicz-Dreszera 3,52.1619963,22.2669251
70435,Siedlce,ul. 10 Lutego 18,52.1706896,22.2665168
70436,Siedlce,ul. Henryka Sienkiewicza 49,52.1650302,22.2734841
70438,Siedlce,ul. Starowiejska 23,52.1679851,22.2897031
107507,Jedlnia,93,51.4649807,21.3622388
107183,Czarna Wieś,5,51.4307051,21.4405974
107179,Jaroszki,21 A,51.4933596,21.346823
61883,Wrzeszczów,47,51.49824,20.82855
61884,Wrzos,6,51.4620049,20.8353288
58174,Przytyk,ul. Szkolna 3,51.4668994,20.9055732
84324,Skaryszew,ul. Bolesława Prusa 5,51.3105682,21.2523856
30841,Chomentów-Puszcz,ul. Ogrodowa 1,51.2865072,21.1827564
30843,Dzierzkówek Stary,90,51.2537572,21.2960867
84325,Odechów,77,51.2992132,21.3264949
30842,Maków,ul. Szkolna 6,51.3464267,21.2436691
87339,Makowiec,ul. Kościelna 2,51.3481677,21.2146639
4920,Ruda Wielka,ul. Radomska 10,51.2880872,21.0483591
4808,Dąbrówka Warszawska,117,51.28148,21.10797
4810,Polany,141,51.22597,21.11447
4809,Łączany,40,51.2461016,21.1522032
41811,Jedlanka,ul. Główna 29,51.384173,21.567974
109598,Myśliszewice,15,51.41324,21.29051
2880,Słupica,84,51.41084,21.38722
109569,Jedlnia-Letnisko,ul. Słoneczna 5,51.4303531,21.3292505
109837,Natolin,59,52.14473,20.61615
35229,Bardzice,2c,51.3014892,21.1631912
35228,Kończyce-Kolonia,31,51.3665383,21.0598975
35230,Kowala-Stępocina,ul. Marii Walewskiej 6,51.3246477,21.0702786
35232,Mazowszany,ul. Wierzbicka 247,51.3415809,21.1278145
35233,Młodocin Mniejszy,47,51.3445383,21.0318904
262272,Parznice,53,51.3212436,21.1218735
92305,Pionki,ul. Niepodległości 3,51.4731386,21.4403906
92307,Pionki,ul. Targowa 9,51.4810001,21.4568014
107180,Laski,68,51.473009,21.5190799
107505,Suskowola,74,51.4551674,21.4790758
107181,Sucha,38a,51.4194155,21.509043
42202,Jasieniec Iłżecki Górny,75,51.1190913,21.1864075
80708,Pakosław,54,51.1921694,21.1781229
79702,Iłża,ul. Wójtowska 5,51.1624155,21.2373193
80711,Błaziny Dolne,163,51.1310283,21.2440009
92550,Maziarze Stare,40,51.1317928,21.3009561
19975,Jastrzębia,109,51.494316,21.2326813
4303,Mąkosy Stare,80,51.527198,21.3002798
4392,Wola Goryńska,45,51.54794,21.2356057
9205,Owadów,130,51.4882829,21.193975
6588,Kozłów,87,51.4664939,21.249538
66088,Wierzchowiny,30,51.5756557,21.1952435
42028,Stare Zawady,30A,51.5458,21.12806
54001,Ludwików,8,51.1073087,21.5240284
57705,Wsola,ul. Szkolna 1,51.4867179,21.1282235
53730,Jedlińsk,ul. Konopnickiej 2,51.5138697,21.1235619
54000,Bierwce,47,51.56631,21.16843
262310,Radom,ul. Sadkowska 16,51.4066207,21.1806432
58466,Radom,ul. Wośnicka 125,51.3791816,21.0851581
58471,Radom,ul. Malenicka 29,51.3773796,21.1881712
73489,Radom,ul. Oskara Kolberga 5,51.4009593,21.1718447
88027,Radom,ul. Energetyków 10,51.4391254,21.1888232
88028,Radom,ul. Ofiar Firleja 14,51.4437169,21.1491379
262309,Radom,ul. Krucza 2,51.4027349,21.1229068
262336,Radom,ul. Krychnowicka 1,51.3575744,21.083755
267644,Radom,ul. Jerzego Radomskiego 10,51.3771271,21.1709803
38643,Radom,ul. Wośnicka 121,51.3780702,21.0923217
17812,Kuczki-Kolonia,75,51.37388,21.33965
17813,Małęczyn,ul. Szkolna 64,51.3867036,21.2582204
17811,Gózd,ul. Starowiejska 130,51.3764721,21.3788857
15238,Klwatka Królewska,31,51.38741,21.30081
16258,Kłonówek-Kolonia,13,51.3361482,21.3335218
15790,Podgóra,10,51.3729205,21.4416665
40657,Radom,ul. Odrodzenia 37,51.3932459,21.1766347
48920,Radom,ul. Henryka Sienkiewicza 30,51.3967807,21.1597413
64669,Radom,ul. Stefana Jaracza 8,51.3950358,21.1528115
61436,Radom,ul. Gajowa 60,51.3760566,21.1472994
42237,Radom,ul. Sandomierska 19,51.3808435,21.153799
42212,Radom,ul. Aleksandra Tybla 7/11,51.4046946,21.1468821
40938,Radom,ul. Batalionów Chłopskich 16,51.3896105,21.1223873
49900,Radom,ul. Czarnoleska 10,51.3712852,21.1309941
58101,Radom,ul. Trojańska 5,51.3654239,21.1281844
70267,Radom,ul. Starokrakowska 124,51.3645405,21.0921434
52808,Radom,"ul. mjr. Jana Piwnika ""Ponurego"" 3",51.4172213,21.1756572
86863,Radom,ul. 25 Czerwca 70,51.404682,21.165466
42176,Radom,ul. Adama Rapackiego 24,51.4201805,21.1740217
65015,Radom,ul. Wierzbicka 81,51.3775151,21.1290931
262311,Radom,ul. Piastowska 17,51.4312825,21.1583293
262308,Radom,ul. Jurija Gagarina 19,51.3838327,21.1548291
20117,Sochocin,ul. Szkolna 17,52.6898865,20.4707992
13612,Kołoząb,31,52.6511687,20.4913264
13256,Kamienica,44a,52.4697298,20.4720147
13257,Stróżewo,50,52.51856,20.50497
13258,Kroczewo,ul. Warszawska 57,52.4765973,20.5597754
13259,Szczytno,3,52.54561,19.88574
72301,Radom,ul. Biała 6,51.3866761,21.1660262
41137,Radom,ul. gen. Józefa Sowińskiego 1,51.4128115,21.1622587
49375,Radom,ul. Kielecka 2/6,51.40701,21.121373
63252,Radom,ul. Powstańców Śląskich 4,51.4143969,21.1824651
56256,Radom,ul. Warszawska 3,51.4129821,21.1535178
73093,Radom,ul. Prospera Jarzyńskiego 3,51.3948714,21.1424369
40997,Radom,ul. Jana III Sobieskiego 12,51.4269381,21.1570508
72300,Radom,ul. Ceglana 14,51.4100401,21.1322692
41035,Radom,ul. Wyścigowa 49,51.3760822,21.1731908
73702,Radom,ul. Miła 18,51.4088315,21.1613057
20572,Zaborowo,77,52.54827,20.27126
105442,Nacpolsk,ul. Szkolna 18,52.5034914,20.2430348
75736,Nowe Miasto,ul. Ciechanowska 15,52.6563159,20.6307362
133790,Płońsk,ul. Wolności 4,52.6233263,20.3711908
42246,Płońsk,ul. Szkolna 30,52.629397,20.3663511
42866,Płońsk,ul. Stanisława Wyspiańskiego 4,52.624449,20.3645039
123687,Szerominek,ul. Południowa 1E,52.6312431,20.3363564
133791,Płońsk,ul. ks. Romualda Jaworskiego 25,52.6335315,20.3705738
51300,Siedlin,ul. Jana Pawła II 12,52.6040841,20.4099844
81810,Lisewo,48,52.602136,20.4791826
92879,Raciąż,ul. Kilińskiego 62B,52.7828553,20.1196727
29521,Koziebrody,5,52.8011916,20.0020823
31122,Unieck,80,52.8679451,20.1993139
4965,Stare Gralewo,13,52.7146342,20.1161523
29262,Krajkowo,8,52.79488,20.2001668
13613,Smardzewo,85,52.6977041,20.3939832
55088,Łąck,ul. Kolejowa 1,52.4663142,19.6109468
89984,Mystkowo,53,52.7046868,20.2088847
104813,Polesie,9,52.7527956,20.3164163
53829,Baboszewo,ul. Jana i Antoniego Brodeckich 6,52.6813829,20.2582764
89841,Sarbiewo,17,52.7008424,20.352801
109376,Czerwińsk nad Wisłą,ul. Warszawska 1,52.3940182,20.3123715
19318,Goławin,49C,52.43219,20.46688
19359,Grodziec,11A,52.46553,20.39051
19386,Chociszewo,47,52.4190928,20.390723
129750,Nowe Radzikowo,36,52.45393,20.36239
121651,Dzierzążnia,57,52.628587,20.2040708
93111,Nowe Kucice,46,52.5774707,20.2223958
103376,Królewo,58,52.6354434,20.5647228
108786,Joniec,69,52.6011565,20.5787813
104946,Naruszewo,17,52.5296969,20.3641927
20570,Radzyminek,17,52.5704798,20.3406245
109089,Mała Wieś,ul. Jana Kochanowskiego 1 7,52.8034475,20.0157893
80612,Podgórze,6,51.2112859,21.4181938
56579,Nowy Duninów,ul. Gostynińska 1,52.5801994,19.474531
104642,Radzanowo,ul. Szkolna 16,52.5727335,19.8944855
104641,Rogozino,ul. Mazowiecka 25,52.5682936,19.8123853
54403,Stara Biała,53,52.6126285,19.6534618
60611,Stare Proboszczewice,ul. Floriańska 4,52.6591286,19.6958846
68490,Wyszyna,2,52.6016626,19.5844866
60606,Maszewo Duże,ul. Szkolna 14,52.5771535,19.6339891
39892,Staroźreby,ul. Szkolna 7,52.6321617,19.9876359
41073,Nowa Góra,ul. Szkolna 6,52.6463892,20.0921295
55954,Słubice,ul. Płocka 30,52.3678014,19.940604
58492,Słupno,ul. Kościelna 16,52.5043271,19.8463292
58493,Liszyno,ul. Wawrzyńca Sikory 19,52.4931136,19.7975051
74943,Kobylniki,51,52.46921,20.22334
63443,Wyszogród,ul. Niepodległości 11,52.3916958,20.1904028
72651,Bodzanów,ul. Wyszogrodzka 1,52.5008478,20.0299052
70892,Cieśle,18,52.7640939,20.0263409
70973,Nowe Miszewo,ul. Szkolna 2,52.4880042,19.9293435
42903,Brudzeń Duży,ul. Płocka 12,52.6674993,19.5039296
55332,Siecień,84,52.6163,19.51759
53454,Sikórz,85,52.63853,19.57991
86453,Blichowo,61A,52.55916,19.99892
69496,Bulkowo-Kolonia,ul. Szkolna 2,52.5359263,20.1052672
84714,Nowe Łubki,7,52.5778358,20.033757
49230,Rogotwórsk,4,52.692743,20.0511824
92506,Łęg Probostwo,31/1,52.7083538,19.8911066
92508,Drobin,ul. Szkolna 3,52.7377981,19.9893151
85556,Nowe Grabie,Osiedle pod Jaworem 11A,52.44458,19.73986
85552,Gąbin,ul. Aleja Jana Pawła II 16,52.39942,19.73072
85553,Dobrzyków,ul. Obrońców Dobrzykowa 65,52.4695467,19.7485907
85555,Czermno,52,52.40353,19.80179
34835,Płock,inne Pasaż Vuka Karadzica 1,,
34820,Płock,ul. 1 Maja 11,52.5478795,19.6977039
22511,Płock,ul. Brzozowa 3,52.5376737,19.7092248
34821,Płock,ul. Jana Kochanowskiego 11,52.5522005,19.6981463
38737,Płock,ul. Walecznych 20,52.5410134,19.753492
55352,Płock,al. Jana Kilińskiego 12B,52.5435196,19.7093946
31112,Płock,ul. Krakówka 4,52.5251504,19.679327
38738,Płock,ul. Kolegialna 23,52.5422422,19.6970493
15794,Płock,ul. Żyzna 21A,52.5441,19.7623349
133692,Płock,al. Al. Stanisława Jachowicza 20,52.5486564,19.7005998
133695,Płock,ul. Faustyna Piaska 5,52.5443092,19.7255697
133697,Płock,ul. gen. Tadeusza Kutrzeby 2a,52.5406994,19.7584635
275007,Płock,ul. abp. Antoniego Juliana Nowowiejskiego 2A,,
88880,Ciachcin Nowy,54,52.62285,19.78678
4661,Bielsk,ul. Sierpecka 42,52.6713156,19.8049119
88884,Zągoty,11,52.662419,19.7433244
262647,Pułtusk,ul. Marii Konopnickiej 5,52.707875,21.0880954
92416,Winnica,ul. Pułtuska 19,52.6441741,20.9405089
92418,Błędostowo,23,52.5771938,20.9544633
63322,Pniewo,ul. 18 Maja 6,52.6478073,21.2539884
61011,Zatory,ul. Jana Pawła II 69,52.60618,21.18392
83816,Strzegocin,4,52.6858126,20.8407483
107503,Świercze,ul. Pułtuska 26a,52.6705367,20.7667997
24328,Płock,ul. Przyszkolna 22,52.5052675,19.6526623
34838,Płock,ul. Miodowa 18,52.5568956,19.676176
22771,Płock,ul. Czwartaków 6,52.5337642,19.7503298
78020,Płock,ul. Fryderyka Chopina 62,52.5488512,19.7125054
38778,Płock,ul. Janusza Korczaka 10,52.5160041,19.7629729
53368,Płock,ul. Jasna 8,52.5543405,19.6677261
31914,Płock,ul. Sierpecka 15,52.5767067,19.7254729
38779,Płock,ul. Królowej Jadwigi 4,52.5569464,19.6865395
35031,Płock,ul. Piasta Kołodzieja 7,52.5512522,19.6884683
123705,Nieznamierowice,3,51.4701838,20.5583851
12652,Rusinów,ul. Szkolna 47,51.4339033,20.5914809
68712,Wieniawa,ul. Szkolna 6,51.3606261,20.8106258
196367,Pogroszyn,49,51.31997,20.80303
3816,Przewodowo Poduchowne,21,52.7263048,20.9553243
3817,Skaszewo Włościańskie,25,52.7255732,20.860584
14630,Gzy,59,52.7445514,20.9257571
69359,Obryte,114,52.7169979,21.2598793
91659,Nowe Niestępowo,7,52.6509492,21.0428833
91275,Gzowo,5,52.6142402,21.0900243
262691,Dzierżenin,105,52.5741682,21.089085
14909,Pułtusk,ul. Aleja Tysiąclecia 14,52.7043509,21.0757964
26818,Pułtusk,ul. Polna 7,52.6914148,21.1090082
26777,Pułtusk,ul. New Britain 1,52.705546,21.0821508
26477,Przemiarowo,33,52.7601092,21.0667531
14127,Płocochowo,72,52.6806045,21.0284002
262502,Przasnysz,ul. Orlika 48,53.0227862,20.8903968
123889,Przasnysz,ul. Szosa Ciechanowska 6,53.0169439,20.8680276
80114,Leszno,189,52.980721,20.9198331
79850,Nowa Krępa,34a,53.0526234,20.9716506
81486,Bogate,11,52.9624563,20.9823117
18320,Rzuców,ul. Szkolna 33,51.2827045,20.7355209
17566,Borkowice,ul. ks. Jana Wiśniewskiego 8,51.3202915,20.6856214
69076,Bieliny,99,51.4235686,20.4989027
69077,Rozwady,72A,51.3747638,20.4353698
115629,Gielniów,ul. Szkolna 5,51.3997224,20.4762225
103950,Klwów,ul. Przysuska 4,51.5341643,20.637217
25929,Odrzywół,ul. Warszawska 51,51.5193078,20.555818
9709,Potworów,ul. Szkolna 5,51.5050332,20.7249486
30798,Przysucha,ul. Krakowska 76,51.3604559,20.621249
44132,Przysucha,ul. Skowyry 41,51.3508855,20.6232668
30800,Skrzyńsko,ul. Wjazdowa 9,51.374845,20.6488967
69549,Dawidy Bankowe,ul. Długa 49,52.1232448,20.979476
65288,Zaręby,41,53.308426,21.0332988
31425,Krukowo,87,53.2975651,21.0987586
60908,Duczymin,15,53.2551418,20.7964016
65286,Krzynowłoga Wielka,18,53.2102205,20.8475093
30118,Poścień-Wieś,47,53.2553221,21.052144
196395,Chorzele,ul. Szkolna 4b,53.2519922,20.8986506
86245,Czernice Borowe,ul. 21 Pułku Piechoty Dzieci Warszawy 10,53.03152,20.71764
106219,Jednorożec,ul. Odrodzenia 13,53.1404584,21.0505655
123360,Parciaki,22,53.1988792,21.1224752
12909,Zielona,37,52.936944,20.8492912
12911,Krasne,ul. Spółdzielcza 1,52.9197278,20.9686869
3322,Krzynowłoga Mała,ul. Szkolna 4,53.1552,20.78811
4982,Romany-Sebory,7,53.1080811,20.8552953
69962,Przasnysz,ul. Żwirki i Wigury 4,53.0200055,20.8949767
113583,Przasnysz,ul. Jana Kilińskiego 1,53.0194678,20.8817999
133334,Piastów,ul. Kazimierza Pułaskiego 6/8,52.1915625,20.8364708
130849,Piastów,ul. Aleja Tysiąclecia 5,52.1783406,20.8419425
9690,Piastów,ul. Józefa Brandta 22,52.183629,20.8546766
78209,Pruszków,ul. Jasna 2,52.1572256,20.7921168
49309,Pruszków,ul. Kościelna 5,52.1614973,20.8097933
84354,Pruszków,ul. Lipowa 31,52.159442,20.8141792
79156,Pruszków,ul. Mostowa 6,52.1778583,20.7980421
84352,Pruszków,ul. Obrońców Pokoju 44,52.1617054,20.7944067
133694,Pruszków,al. Wojska Polskiego 34,52.1603208,20.8005232
133696,Pruszków,ul. Hubala 4,52.164351,20.811168
77944,Pruszków,ul. Topolowa 10,52.1717382,20.8137024
86657,Pruszków,ul. Pływacka 16,52.168737,20.7877681
104649,Pruszków,ul. Stanisława Staszica 1,52.1637981,20.7877631
267059,Pruszków,ul. Jana Długosza 53,52.1882646,20.8153606
80115,Raszyn,ul. Szkolna 2,52.1583333,20.9241667
84069,Słomin,ul. Wierzbowa 5,52.4978905,20.211293
103625,Żółwin,ul. Szkolna 39,52.0975251,20.7249529
29783,Brwinów,ul. marsz. Józefa Piłsudskiego 11,52.1443523,20.7090852
104543,Brwinów,ul. Żwirowa 16,52.1326834,20.7116109
103627,Otrębusy,ul. dr. Mariana Piaseckiego 2,52.1272222,20.7613889
123856,Brwinów,ul. Szkolna 18,52.1461844,20.713875
87838,Michałowice,ul. Szkolna 15,52.1681226,20.8892325
48076,Komorów,ul. Aleja Marii Dąbrowskiej 12/20,52.1465036,20.8154522
47484,Nowa Wieś,ul. Główna 96,52.135176,20.8003161
84225,Nadarzyn,ul. Sitarskich 4,52.0947222,20.8075
20443,Wola Krakowiańska,ul. Jastrzębska 34,52.0308334,20.8038889
20352,Młochów,ul. Mazowiecka 46,52.0516259,20.7793047
20393,Kostowiec,ul. Matki Florentyny Dymman 5,52.0581946,20.7401372
20408,Rusiec,ul. Osiedlowa 72,52.0632955,20.786946
130638,Rusiec,ul. Główna 12,52.0793889,20.7948312
24649,Piastów,ul. Aleja Krakowska 20,52.1876773,20.8450077
24650,Piastów,ul. Żbikowska 25,52.188824,20.830113
73167,Piaseczno,ul. Zielona 14,52.0798028,21.0489141
120507,Józefosław,ul. Ogrodowa 14,52.1015869,21.0373437
122566,Piaseczno,ul. Pod Bateriami 60,52.0505754,20.9935509
124857,Zalesie Górne,ul. Przebudzenia Wiosny 32,52.0306339,21.018421
128019,Julianów,ul. Julianowska 66B i 66C,,
262274,Piaseczno,ul. Zgoda 14,52.0771749,21.0295312
270789,Piaseczno,ul. Jana Pawła II 55,52.0734573,21.0137537
120500,Józefosław,ul. Ogrodowa 20B,52.1026827,21.0399395
4698,Uwieliny,ul. Szkolna 2A,51.9704731,21.0462807
4699,Prażmów,ul. Franciszka Ryxa 72,51.9421776,20.9537316
122935,Ustanów,ul. Główna 10,52.0007751,21.0428507
123994,Krępa,ul. Wodników 5,51.9912925,21.0835968
6599,Suchostruga,ul. Szkolna 20,51.9647045,20.7344251
25962,Tarczyn,ul. Juliana Stępkowskiego 15,51.9802935,20.8339613
6638,Prace Małe,ul. Piaseczyńska 34,51.978501,20.8883552
119924,Kopana,ul. Anieli i Wojciecha Górskich 3,51.9418822,20.8579353
88349,Mysiadło,ul. Kwiatowa 28,52.1024152,21.0038923
103309,Mysiadło,ul. Wiejska 1,52.0996561,21.0268689
123934,Władysławów,ul. Wojska Polskiego 31,52.0649067,20.9236568
128458,Nowa Wola,ul. Postępu 102,52.1018296,20.976227
128465,Łoziska,ul. Kwitnącej Wiśni 13,52.0760588,20.9903227
277418,Zamienie,ul. Waniliowa 7,52.1130051,20.9651439
85167,Piaseczno,ul. Główna 50,52.0555617,20.9826398
83973,Zalesie Górne,ul. Sarenki 20,52.0256117,21.0326568
85420,Jazgarzew,ul. Szkolna 10,52.0408449,20.9925114
85706,Piaseczno,ul. Aleja Kasztanów 12,52.0586201,21.0147835
81660,Głosków,ul. Millenium 76,52.0371975,20.9426601
3951,Piaseczno,ul. Świętojańska 18,52.0647288,21.0288658
83972,Chylice,ul. Dworska 2,52.0784962,21.0635582
83978,Piaseczno,ul. Szkolna 14,52.077191,21.0211333
85526,Złotokłos,ul. Traugutta 10,52.0052202,20.9053324
84510,Józefosław,ul. Kameralna 11,52.1015364,21.0530171
57320,Brześce,ul. Wilanowska 55,52.032319,21.1806459
58847,Czersk,ul. Warszawska 17,51.9604054,21.227029
59580,Czaplinek,ul. Szkolna 5,51.9471885,21.1350235
60542,Kąty,ul. Puławska 4,52.0018904,21.172578
92718,Konstancin-Jeziorna,ul. Stefana Żeromskiego 15,52.0793892,21.1230687
103370,Konstancin-Jeziorna,ul. Szkolna 7,52.0904172,21.1114873
103373,Konstancin-Jeziorna,ul. Bielawska 57,52.1006357,21.1245729
103371,Słomczyn,ul. Wilanowska 218,51.8833064,20.9309663
77606,Opacz,9,52.1016383,21.1649458
103362,Konstancin-Jeziorna,ul. Mirkowska 39 B,52.1016311,21.1307298
92452,Konstancin-Jeziorna,ul. Wojewódzka 12,52.0787421,21.1007705
107387,Lesznowola,ul. Szkolna 6,51.9129216,20.9013411
106091,Łazy,ul. Księdza Kanonika Henryka Słojewskiego 1,52.0774528,20.8898108
103742,Nowa Iwiczna,ul. Ignacego Krasickiego 56,52.0909183,21.0016185
88601,Mysiadło,ul. Krótka 11,52.0999209,21.0053397
106087,Mroków,ul. Marii Świątkiewicz 2a,51.75552,21.80357
119008,Otwock,ul. Czerska 21,52.1030226,21.2477206
196452,Otwock,ul. Szkolna 31,52.103587,21.2554509
113780,Warszawice,13,51.9774687,21.3114258
113848,Sobienie-Jeziory,ul. Garwolińska 14,51.9311432,21.3026615
113779,Siedzów,30A,51.8981215,21.2769153
92770,Wiązowna,ul. Kościelna 20,52.1711968,21.3039625
106900,Glinianka,ul. Napoleońska 1,52.1311743,21.4170844
87608,Zakręt,ul. Szkolna 11,52.2179168,21.2855999
127555,Malcanów,ul. Mazowiecka 55,52.1475825,21.369495
129052,Zakręt,ul. Trakt Brzeski 75d,52.2195348,21.2783651
57874,Baniocha,ul. Szkolna 1,52.0217251,21.1301595
59852,Góra Kalwaria,ul. Kalwaryjska 3,51.9808058,21.2132901
59575,Czachówek,ul. Główna 56,51.960235,21.0888549
64554,Dobiesz,ul. Wolska 36,52.0006117,21.1048097
57114,Coniew,28,51.9276613,21.2188489
262353,Góra Kalwaria,ul. Księdza Zygmunta Sajny 16,51.9840943,21.2195488
11677,Kąty,ul. Królewska 58,52.0178228,21.4760131
11676,Kołbiel,ul. Szkolna 5,52.0648811,21.4804165
11678,Rudzienko,ul. Szkolna 11,52.1055921,21.4939443
11679,Człekówka,62,52.04579,21.4450709
20094,Augustówka,ul. Kolejowa 2,51.9847352,21.4924254
17798,Osieck,ul. Warszawska 61,51.9662,21.41875
82564,Otwock,ul. Gabriela Narutowicza 275,52.1126029,21.3347073
79709,Otwock,ul. Michała Andriollego 76,52.0971956,21.2694386
79704,Otwock,ul. Juliusza Słowackiego 66,52.1220411,21.2566142
79703,Otwock,ul. Ambasadorska 1,52.1076341,21.238581
79708,Otwock,ul. Stefana Żeromskiego 235,52.1366146,21.3318927
79701,Otwock,ul. Karczewska 14/16,52.1019818,21.262841
103425,Otwock,ul. Hugona Kołłątaja 80/82,52.1218307,21.2460096
196450,Otwock,ul. Józefa Poniatowskiego 47/49,52.0973774,21.2868106
196451,Otwock,ul. Tadeusza Kościuszki 28,52.1059322,21.2711865
196445,Otwock,ul. Majowa 267,52.1421228,21.2934612
27983,Ostrów,ul. Kościelna 1,52.1018409,21.3966157
28020,Regut,ul. Wiatraczna 13,52.0382329,21.384958
28037,Stara Wieś,ul. Fabryczna 6,52.083577,21.3564578
103954,Józefów,ul. Graniczna 26,52.1457205,21.2153382
61858,Józefów,ul. Mickiewicza 11,52.136083,21.2406242
56655,Józefów,ul. Główna 10,52.3946325,20.981093
69787,Józefów,ul. 3 Maja 129,52.1448544,21.2219635
262464,Józefów,ul. Leśna 39,52.1291584,21.2273322
262935,Józefów,ul. Piotra Skargi 13,52.1387804,21.2274855
478331,Józefów,ul. Graniczna 24A,52.1457135,21.216022
104462,Nadbrzeż,ul. Szkolna 4,52.0535017,21.2222257
7167,Karczew,ul. Otwocka 13,52.0822621,21.2492364
7088,Glinki,50,52.0054136,21.2331005
15216,Otwock Wielki,ul. Zamkowa 4,52.0491934,21.2474444
196215,Karczew,ul. Franciszka Bielińskiego 7,52.07461,21.24834
63407,Sobiekursk,36,52.0252147,21.2854375
81390,Laskowiec,ul. Długa 90,53.1208066,21.6645512
5008,Kleczkowo,ul. Bielawska 2,53.0530189,21.8504359
5564,Troszyn,ul. Szkolna 4,53.0318627,21.7304343
79863,Łyse,ul. Szkolna 1,53.3658334,21.5518922
79862,Lipniki,ul. Ks.Kan.E.Sierbińskiego 30,,
80342,Zalas,1,53.4258559,21.564316
128730,Łączki,103,53.4705631,21.5673654
44013,Ostrołęka,"ul. gen. Augusta Emila Fieldorfa ""Nila"" 4/6",53.0803922,21.5730379
27351,Ostrołęka,ul. Henryka Sienkiewicza 15,53.0784814,21.5663403
27152,Ostrołęka,ul. gen. Józefa Hallera 12,53.0836138,21.5813273
27789,Ostrołęka,ul. ks. Franciszka Blachnickiego 16,53.0728265,21.5900766
62601,Ostrołęka,ul. Legionowa 17,53.0992849,21.6209039
106238,Ostrołęka,ul. Koszarowa 3,53.1000456,21.6203913
66148,Ostrołęka,ul. Ignacego Jerzego Skowrońskiego 8,53.0539529,21.6028866
44015,Ostrołęka,ul. Papiernicza 1,53.0887411,21.5823752
30396,Celestynów,ul. Wrzosowa 42,51.3667288,21.6961065
72351,Łęg Starościński,23,53.1494705,21.6666921
91900,Łęg Przedmiejski,80,53.1275411,21.5950342
91896,Lelis,ul. Szkolna 51 A,53.1779313,21.5570312
72348,Białobiel,ul. Szkolna 1,53.1148516,21.56025
104135,Wykrot,21c,53.3571477,21.4282117
109090,Wolkowe,1,53.4084652,21.387524
104125,Myszyniec,ul. Dzieci Polskich 1,53.3831962,21.3420723
74076,Krysiaki,29,53.4307432,21.4617859
89281,Nowa Wieś,ul. Szkolna 1A,53.0882161,21.4087844
69173,Antonie,ul. Szkolna 6,53.11852,21.52208
69171,Grabówek,20,53.1174035,21.3348293
81228,Olszewo-Borki,ul. Władysława Broniewskiego 17,53.0679398,21.5226162
107679,Ołdaki,8A,53.0955427,21.6932379
90363,Rzekuń,ul. Nowa 7,53.048365,21.6260703
81389,Borawe,107,52.9956117,21.5879241
90362,Dzbenin,6A,53.0693557,21.7732044
106702,Wola Błędowska,13,53.2517298,21.2094943
85998,Czarnia,42,53.2742927,21.6467256
86198,Surowe,194,53.3299912,21.1429084
87765,Czerwin,ul. Piastowska 23A,52.9495,21.7581
87643,Piski,ul. Juliusza Słowackiego 22,52.9922966,21.8652422
50312,Goworówek,43a,52.9043962,21.5651087
38804,Kunin,22a,52.8445564,21.5092008
39641,Pasieki,ul. Szkolna 2,52.8575137,21.5625035
43315,Chudek,36,53.17704,21.3919624
44150,Wach,96,53.2947513,21.3732507
30257,Dylewo,ul. Szkolna 1,53.1870449,21.4523214
118543,Jazgarka,54,53.3010496,21.4527837
23778,Kadzidło,ul. Kościuszki 13,53.2345757,21.4642685
91898,Obierwia,120A,53.1547706,21.4403459
72352,Nasiadki,37,53.1785366,21.6067185
72349,Dąbrówka,55,51.0244005,21.4811993
39232,Komorowo,ul. Mazowiecka 81,52.8332364,21.8370423
20938,Ugniewo,ul. Szkolna 28,52.79431,21.95863
11665,Dudy,19,52.7542766,21.8852591
70280,Dybki,18,52.7224883,21.7097006
16060,Jasienica,ul. Pawła Jasienicy 23,52.8043565,22.0402953
39231,Turka,40,52.7442468,21.814574
275377,Koziki,2,52.7947261,21.7740407
275872,Kalinowo,90,52.8260729,22.0200645
77614,Stary Lubotyń,7,52.9327368,21.9353538
107323,Szulborze Wielkie,ul. Szarych Szeregów 1,52.7602407,22.2282937
68485,Brudki Stare,73,52.8479615,21.655099
111054,Wąsewo,ul. Szkolna 1,52.87309,21.67353
69827,Rząśnik Włościański,30,52.85203,21.71597
90181,Zaręby Kościelne,ul. Farna 20,52.7571188,22.1248239
107594,Baranowo,ul. Niepodległości 27,53.1759729,21.2908672
106701,Jastrząbka,33,53.1248553,21.2647395
89283,Tymianki-Bucie,18,52.68105,22.41745
88341,Boguty-Pianki,ul. Aleja Papieża Jana Pawła II 62,52.7166399,22.4157652
28696,Brok,ul. Jana Pawła II 50,52.6989287,21.8601815
6639,Kiełczew,ul. Prymasa Tysiąclecia 49,52.6687322,21.9475051
6629,Orło,11,52.7320831,21.989321
7788,Prostyń,60,52.65734,21.9947
6642,Glina,83,52.696166,21.9599981
6453,Małkinia Górna,ul. Leśna 15,52.694401,22.0586967
7432,Małkinia Górna,ul. Ostrowska 58,52.6976056,22.0236804
86924,Nur,ul. Łomżyńska 14,52.6681622,22.3181055
87791,Ostrów Mazowiecka,ul. Partyzantów 39,52.798122,21.889843
115463,Ostrów Mazowiecka,ul. Szkoły Podchorążych Piechoty 1,52.8215855,21.8584359
115466,Ostrów Mazowiecka,ul. gen. Stefana Grota-Roweckiego 6,52.8058436,21.8952086
87795,Ostrów Mazowiecka,ul. Widnichowska 4,52.8071068,21.8796379
18796,Stare Lubiejewo,ul. Szkolna 15,52.8388753,21.8809259
49253,Jelonki,16,52.882583,21.8068066
78971,Budy Siennickie,67,52.5447808,20.7872521
133985,Nasielsk,ul. Staszica 1,52.5890676,20.8070746
128343,Nasielsk,ul. Ogrodowa 9,52.5875097,20.816695
11290,Nowy Dwór Mazowiecki,ul. Chemików 1A,52.4280792,20.7254155
24911,Nowy Dwór Mazowiecki,ul. gen. Józefa Bema 312,52.4376888,20.6667573
11312,Nowy Dwór Mazowiecki,ul. Młodzieżowa 1,52.4153106,20.7412829
14564,Nowy Dwór Mazowiecki,ul. Szkolna 3,52.4478116,20.7085147
133234,Nowy Dwór Mazowiecki,ul. Juliusza Słowackiego 2,52.4274376,20.7160265
264237,Nowy Dwór Mazowiecki,ul. Dębowa 13,52.4222025,20.7328299
60919,Stare Orzechowo,45,52.49562,20.86583
60917,Goławice Pierwsze,11,52.5109695,20.6872593
60902,Pomiechówek,ul. Nasielska 3,52.4719444,20.7336111
43937,Zakroczym,ul. Ojca Honorata Koźmińskiego 63,52.4333534,20.6116771
43939,Wojszczyce,4a,52.4945218,20.6135573
27289,Ołdaki-Polonia,2,52.8738246,22.2617217
27290,Andrzejewo,ul. Warszawska 4,52.8305612,22.2006931
8343,Stare Kosiny,1,53.0362722,20.3319169
92801,Wiśniewo,78,53.0656571,20.3446177
8344,Głużek,69,53.0608255,20.2591252
8342,Bogurzyn,84,53.0410316,20.26928
58311,Cząstków Mazowiecki,55,52.39106,20.7468
31992,Kazuń Nowy,ul. Główna 6,52.4188889,20.6847222
89319,Kazuń Polski,ul. Szkolna 2,52.4005556,20.6627778
90166,Łomna,ul. Jana Kochanowskiego 89,52.3818728,20.780028
77603,Sowia Wola,ul. Szkolna 108,52.3619444,20.6455556
74106,Małocice,ul. Wojska Polskiego 76,52.3626845,20.6856293
110327,Nowe Grochale,40,52.404282,20.5848059
110336,Leoncin,ul. Isaaca Bashevisa Singera 3,52.3936382,20.534073
81173,Nasielsk,ul. Tadeusza Kościuszki 21,52.5898012,20.8013132
90151,Cieksyn,ul. Marszałka Józefa Piłsudskiego 43,52.5742863,20.6677635
81175,Dębinki,12,52.5445651,20.7391729
90153,Stare Pieścirogi,ul. Kolejowa 65,52.5825404,20.7635499
262929,Mława,ul. Henryka Pogorzelskiego 4,53.1199834,20.3663777
111073,Radzanów,ul. Raciążska 53A,52.94307,20.09258
73673,Wróblewo,27,52.97786,20.16919
58611,Strzegowo,ul. Wyzwolenia 13,52.8936196,20.2852835
58613,Niedzbórz,19,52.9316026,20.3758857
29737,Dąbrowa,85,52.9634966,20.2817892
3492,Morawy,2,52.9967871,20.4468802
3494,Wyszyny Kościelne,ul. Szkolna 22,53.0464168,20.3927861
3471,Stupsk,ul. Henryka Sienkiewicza 11,53.0222244,20.4381223
122251,Szreńsk,ul. Budzyn 12,53.01147,20.12223
86749,Dębsk,104,53.1124655,20.4946214
86747,Nosarzewo Borowe,34,53.0781448,20.5234794
80377,Szydłowo,ul. Szkolna 2,53.0796888,20.4534707
92597,Windyki,20,53.1480769,20.4725755
92611,Uniszki Zawadzkie,24,53.1646039,20.4182804
93146,Wieczfnia Kościelna,56c,53.1957854,20.4799344
133910,Sulejówek,ul. Narutowicza 10,52.2426185,21.3056932
90025,Sulejówek,ul. Okuniewska 2,52.2523653,21.2776838
268308,Sulejówek,ul. Krasickiego 16,52.2458154,21.2688987
60728,Dzierzgowo,ul. Jagiellońska 21 A,53.1550837,20.663956
84653,Rzęgnowo,94,53.0989682,20.6853246
8978,Łomia,109,53.1116675,20.3297687
8977,Turza Mała,15,52.6941511,19.4750697
8975,Lipowiec Kościelny,212,53.1054508,20.1827641
8976,Zawady,60,52.22504,22.61443
18090,Mława,ul. Warszawska 52,53.106354,20.3927813
18227,Mława,ul. Graniczna 39,53.1275221,20.3541872
15255,Mława,ul. Żołnierzy 80 Pułku Piechoty 5,53.1176609,20.3849243
18397,Mława,ul. Ordona 14,53.1124453,20.371096
20070,Mława,ul. Zygmunta Krasińskiego 5,53.1151804,20.3712333
262917,Mława,ul. Sportowa 1,53.1099117,20.3778335
262954,Mława,ul. Stanisława Wyspiańskiego 3,53.1115748,20.3768136
110271,Janów,ul. Strażacka 18,52.1875644,21.660359
61894,Mrozy,ul. Szkolna 2,52.1687113,21.8070685
62427,Jeruzal,ul. Szkolna 8,52.0677228,21.8495566
60929,Grodzisk,ul. Mazowiecka 86,52.1598634,21.8553018
83381,Siennica,ul. Latowicka 16,52.0915526,21.6193996
83382,Starogród,9B,52.0293975,21.6418405
92449,Żaków,48A,52.0642833,21.663725
83384,Grzebowilk,ul. Mazowiecka 37,52.1166667,21.55
83629,Nowa Pogorzel,ul. Pałacowa 17,52.119204,21.5790897
110227,Pustelnik,ul. Szkolna 16,52.2711605,21.4607313
109927,Stanisławów,ul. Szkolna 4,52.2897723,21.5471724
109928,Ładzyń,ul. Szkolna 4,52.2418295,21.541075
87969,Sulejówek,ul. Głowackiego 47,52.2450674,21.3033099
90047,Sulejówek,ul. Idzikowskiego 2a,52.2442957,21.2679136
87971,Sulejówek,ul. Żeromskiego 18,52.2444309,21.2721685
123027,Sulejówek,ul. Jaśminowa 7,52.237215,21.2909216
56032,Kałuszyn,ul. Pocztowa 4,52.2087832,21.811881
59081,Wielgolas,ul. Szkolna 11,52.68993,21.22926
59078,Latowicz,ul. Rynek 24,52.0262727,21.8075415
39756,Mińsk Mazowiecki,ul. Mikołaja Kopernika 9,52.1811972,21.5532239
15188,Mińsk Mazowiecki,ul. Dąbrówki 10,52.1771155,21.5752731
133872,Mińsk Mazowiecki,ul. Budowlana 2,52.1845818,21.5730635
15341,Mińsk Mazowiecki,ul. Siennicka 17,52.1746858,21.569751
15466,Mińsk Mazowiecki,ul. Małopolska 11,52.189322,21.5560142
15765,Mińsk Mazowiecki,ul. gen. Kazimierza Sosnkowskiego 1,52.1746043,21.555605
39758,Mińsk Mazowiecki,ul. Tadeusza Kościuszki 27,52.1766466,21.5565281
110272,Marianka,ul. Wspólna 70,52.468369,19.3528306
111161,Cielechowizna,ul. Szkolna 31,52.1518405,21.5603984
111186,Stojadła,ul. Południowa 20,52.1872813,21.534169
110270,Brzóze,ul. Szkolna 20,52.222602,21.5391587
111180,Zamienie,ul. Kołbielska 34,52.1501809,21.5030437
111148,Stara Niedziałka,ul. Mazowiecka 154,52.202875,21.6078729
264028,Podciernie,182,52.1027867,21.8039853
9411,Mlęcin,51,52.2786404,21.6809444
10556,Dobre,ul. Szkolna 3,52.32171,21.67852
9412,Drop,31,52.35448,21.72799
111755,Dębe Wielkie,ul. Warszawska 78A,52.1990146,21.4400042
91710,Ruda,ul. Szkolna 7,52.1822143,21.465019
71506,Górki,ul. Szkolna 3,52.1761419,21.4165869
111101,Brzeziny,ul. Aleksandra Świętochowskiego 1,52.1999634,21.378734
107534,Chobot,50,52.247112,21.3886342
112011,Okuniew,ul. Szkolna 4,52.2722806,21.3063932
89918,Cisie,ul. Mostowa 61,52.21984,21.38848
111105,Halinów,ul. Okuniewska 115,52.2312451,21.3493026
479626,Halinów,ul. Olszowa 9,52.2266781,21.3592077
103611,Jakubów,ul. Szkolna 10,52.2184446,21.679398
85083,Wiśniew,45A,52.2588167,21.7273296
85025,Mistów,ul. Szkolna 3,52.2281567,21.6157866
30259,Raki,55A,53.0789643,21.1703491
90565,Maków Mazowiecki,ul. Sportowa 9,52.8608884,21.1087876
90566,Maków Mazowiecki,ul. Generała Pułaskiego 15,52.8636667,21.0979534
50338,Młynarze,ul. Ostrołęcka 24,52.5315422,21.3661753
7599,Krasiniec,18,52.9327449,20.994416
3518,Chodkowo Wielkie,29,53.0273569,21.0456797
3516,Węgrzynowo,150,52.924166,21.0271091
3515,Płoniawy-Bramura,80A,52.9809886,21.0602134
269889,Jaciążek,64A,52.9512572,21.0768037
16703,Rzewnie,3,52.8374937,21.340823
55981,Różan,ul. Szkolna 3,52.8892595,21.399349
111945,Gąsewo Poduchowne,ul. Władysława Reymonta 12,52.9742448,21.2198904
111943,Sypniewo,ul. Władysława Broniewskiego 2A,53.00495,21.30335
12081,Stary Szelków,38,52.8211016,21.2076029
9717,Cegłów,ul. Poprzeczna 27,52.1470172,21.7381713
119554,Wiciejów,21,52.1544832,21.6726026
84406,Lipsko,ul. Zwoleńska 16,51.158513,21.6490099
114546,Krępa Kościelna,48,51.1536274,21.5544496
84407,Wola Solecka Pierwsza,173,51.1930469,21.7025761
92493,Grabowiec,ul. Wąchocka 20,51.1017138,21.3861827
103972,Rzeczniów,1b,51.1270145,21.427985
86569,Sienno,ul. Szkolna 6,51.08498,21.4734506
86654,Jawor Solecki,68,51.1532723,21.4915865
90302,Pawłowice,86,52.235805,20.446104
85798,Solec nad Wisłą,ul. Tadeusza Kościuszki 20,51.1375896,21.7701549
75638,Przedmieście Dalsze,1,51.1421764,21.7151163
263246,Solec nad Wisłą,ul. Wczasowa 44,51.143761,21.7740833
51846,Czerwonka Włościańska,37,52.89303,21.21781
73196,Karniewo,ul. Szkolna 9,52.8359237,20.9912847
56584,Krasnosielc,ul. Ogrodowa 2A,53.0335809,21.1575267
30208,Amelin,33,53.0654603,21.2373019
30233,Drążdżewo,62,53.0890641,21.1217851
55560,Białobrzegi,ul. Wojska Polskiego 21,52.4420051,21.0536271
262873,Stanisławów Pierwszy,ul. Jana Kazimierza 291,52.3932805,21.0357915
273797,Stanisławów Pierwszy,ul. Jana Kazimierza 283,52.3949,21.03462
20562,Serock,ul. Pułtuska 68,52.5135193,21.0731162
48871,Wola Kiełpińska,1,52.5042874,20.9857736
48867,Zegrze,ul. Oficerska 3,52.4608136,21.0321117
20563,Jadwisin,ul. Szkolna 46,52.4773058,21.0438599
52946,Łajski,ul. Kościelna 63,52.4289348,20.9530742
8529,Skrzeszew,ul. Szkolna 10,52.4015022,22.5041661
8524,Janówek Pierwszy,ul. Dworcowa 5,52.4390795,20.7819455
262659,Wieliszew,ul. Janusza Kusocińskiego 1,52.4474738,20.9688008
8521,Wieliszew,ul. Modlińska 60,52.4513465,20.9683231
111126,Chotcza-Józefów,68,51.2421285,21.77032
54335,Bąkowa,107,51.2101766,21.4619524
90287,Ciepielów,ul. Lekarska 1,51.2482289,21.5741193
114557,Długowola Pierwsza,103,51.0975474,21.6040531
131696,Jabłonna,ul. Chotomowska 81,52.3938808,20.8976194
262245,Chotomów,ul. Partyzantów 23,52.4098359,20.8843606
91247,Legionowo,ul. Jana Pawła I 2,52.4140827,20.9436127
90919,Legionowo,ul. Władysława Broniewskiego 7,52.3988995,20.9260509
89657,Legionowo,ul. Zegrzyńska 3,52.4102528,20.9484944
89664,Legionowo,ul. Zakopiańska 4,52.3908075,20.936744
89722,Legionowo,ul. Jagiellońska 67,52.4059012,20.9180204
93048,Legionowo,ul. marsz. Józefa Piłsudskiego 47,52.3920906,20.9264574
90551,Legionowo,ul. Targowa 22,52.412724,20.9313401
133457,Legionowo,ul. Adama Mickiewicza 35A,52.4032207,20.929326
86936,Legionowo,ul. Królowej Jadwigi 7,52.3940283,20.9261656
478636,Legionowo,ul. Gabriela Narutowicza 96,52.4143402,20.9390329
55556,Nieporęt,ul. Dworcowa 9,52.4232736,21.0354595
55561,Izabelin,ul. Szkolna 1,52.392766,21.0572462
55559,Józefów,ul. Szkolna 62,52.381107,21.001673
84613,Wólka Radzymińska,ul. Szkolna 79,52.4135986,21.0932852
5896,Wola Chodkowska,28,51.6631536,21.3922367
5897,Wólka Tyrzyńska,21,51.5850819,21.6133816
133701,Kozienice,ul. Nowy Świat 24,51.5787434,21.5579666
133702,Kozienice,ul. Głowaczowska 33,51.5856198,21.5441776
133703,Świerże Górne,25a,51.6581983,21.485921
5891,Kozienice,ul. Stanisława Konarskiego 4,51.5897858,21.5368009
86157,Przydworzyce,37,51.7150836,21.4118482
86156,Rozniszew,29,51.7988338,21.3068395
109555,Magnuszew,ul. Bohaterów Września 10,51.7624237,21.3828034
262698,Mniszew,41,51.8401158,21.2957281
89381,Słowiki Stare,9,51.5456591,21.6486002
105466,Zajezierze,ul. 28 Pułku Artylerii Lekkiej 18,51.5414611,21.8138832
104691,Sieciechów,ul. Szkolna 1,51.5404909,21.7451259
85817,Jabłonna,ul. Szkolna 2,52.3751405,20.9270297
61898,Chotomów,ul. Partyzantów 124,52.3974519,20.8948053
110489,Rajszew,ul. Modlińska 75,52.3947592,20.8383864
82657,Wrociszew,20,51.7455504,21.072245
111340,Nowa Wieś,69,51.8107107,21.0771943
82659,Michałów-Parcele,23,51.7144421,21.0508726
82656,Konary,20,51.8782473,21.2346839
79091,Garbatka-Letnisko,ul. Hanki Lewandowicz 2,51.4933539,21.6318482
44613,Gniewoszów,ul. Konopnickiej 19,51.4743655,21.8125648
24145,Augustów,ul. Wspólna 19,51.6853859,21.17441
104622,Grabów nad Pilicą,ul. Parkowa 4,51.7257087,21.2265001
9225,Głowaczów,ul. Warecka 10,51.6231797,21.3177054
68709,Brzóza,ul. Aleja Lipowa 4,51.6002614,21.3465655
62361,Ursynów,38A,51.5685801,21.3667398
5890,Kozienice,ul. Tadeusza Kościuszki 1,51.5811095,21.548194
75774,Ryczywół,ul. Warszawska 20,51.68976,21.42152
5895,Janików,1,51.5684636,21.5717728
5898,Brzeźnica,9,51.5570283,21.6236538
5899,Stanisławice,94,51.5716467,21.4914927
55922,Lesznowola,ul. Szkolna 1,51.9134897,20.9005041
16655,Zbrosza Duża,30,51.7542064,20.9616788
16656,Jasieniec,ul. Szkolna 7,51.6570593,21.2749579
24643,Mogielnica,ul. Przylesie 10a,51.6970914,20.7271012
24642,Kozietuły,83,51.7471049,20.7776026
262608,Mogielnica,ul. Nowomiejska 1,51.6906037,20.7196972
87267,Nowe Miasto nad Pilicą,ul. Szkolna 4,51.6184191,20.5888318
87434,Żdżary,75,51.6563953,20.4637356
263233,Nowe Miasto nad Pilicą,ul. Ogrodowa 16,51.6171849,20.587368
84240,Ciechlin,39,51.86562,20.6837
84246,Kruszew,57A,51.918797,20.7863648
84242,Jeziora,45,51.8903057,20.7609975
84244,Karolew,3,52.3832948,22.1108494
82655,Warka,ul. Warszawska 24,51.7851526,21.1855692
82661,Warka,ul. Polna 17,51.7862674,21.1887702
82658,Ostrołęka,3a,51.8297119,21.2600144
103472,Łęczeszyce,47,51.7773838,20.7699702
114665,Lipie,31,51.8233796,20.7050131
57710,Błędów,ul. Stary Rynek 9,51.7755596,20.6999922
64726,Wilków Drugi,82,51.7990812,20.6258217
66473,Budziszynek,5,51.8622145,21.0595454
103877,Chynów,ul. Szkolna 1,51.906049,21.0833255
71540,Drwalew,ul. Szkolna 4,51.8990877,21.0167714
66478,Watraszew,4B,51.8486522,21.1353946
66477,Sułkowice,ul. Ogrodowa 38a,51.9259745,21.090246
47665,Sielec,38,52.4075697,20.3204191
56150,Goszczyn,ul. Armii Krajowej 2,51.7322001,20.8538194
55926,Grójec,ul. Armii Krajowej 34,51.8681647,20.8657612
15412,Grójec,ul. Polna 17a,51.862245,20.8620674
15410,Grójec,ul. Józefa Piłsudskiego 68,51.8636614,20.8782405
55924,Bikówek,21,51.87897,20.81871
55921,Częstoniew-Kolonia,60,51.8544711,20.9590555
268506,Grodzisk Mazowiecki,ul. A. Dygasińskiego 1,,
42111,Jaktorów,ul. Warszawska 88,52.0904757,20.5476345
42112,Międzyborów,ul. Staszica 5,52.063921,20.4804872
58211,Milanówek,ul. Żabie Oczko 1,52.1227071,20.6586348
63992,Milanówek,ul. Literacka 20,52.1279422,20.6661278
52764,Milanówek,ul. Królewska 69,52.1211739,20.6808721
64965,Milanówek,ul. Warszawska 52b,52.1211943,20.6583525
58207,Milanówek,ul. Spacerowa 3,52.1246432,20.6562016
262913,Milanówek,ul. Brzozowa 1a,52.1217564,20.6603276
93122,Podkowa Leśna,ul. Jana Pawła II 20,52.1183784,20.7256112
25301,Podkowa Leśna,ul. Kościelna 4,52.1214296,20.7283079
7604,Ojrzanów,ul. Szkolna 1,52.0097404,20.7397986
7603,Józefina,ul. Mazowiecka 1,52.029365,20.6679623
91955,Belsk Duży,ul. Szkolna 3,51.8258436,20.8087878
83954,Zaborów,40,51.7789992,20.9002098
91956,Lewiczyn,94,51.7991782,20.8638145
15767,Trębki,1,52.31974,19.53929
21243,Szczawin Kościelny,ul. Jana Pawła II 1,52.36998,19.6118
121867,Gole,51,52.166489,20.4936506
122140,Kaski,ul. Królewska 23,52.171086,20.4381953
121799,Boża Wola,ul. 1 Maja 13,52.1880743,20.5248092
4471,Adamowizna,ul. Osowiecka 33,52.07615,20.62922
4470,Grodzisk Mazowiecki,ul. Sportowa 31,52.0988126,20.619121
6175,Grodzisk Mazowiecki,ul. Zielony Rynek 2,52.118063,20.614745
6164,Grodzisk Mazowiecki,ul. W. Westfala 3,,
11917,Grodzisk Mazowiecki,ul. 3 Maja 33,52.1113623,20.6362503
3798,Książenice,al. E. Marylskiego 3,,
123964,Książenice,ul. Mazowiecka 87A,52.0744917,20.6991042
52721,Odrano-Wola,ul. gen. S. Grota-Roweckiego 8,52.0893976,20.6257097
263134,Grodzisk Mazowiecki,ul. L. Zondka 6,,
4048,Grodzisk Mazowiecki,ul. W. Bartniaka 13A,,
263147,Adamowizna,ul. Osowiecka 98D,52.0765931,20.6301661
91141,Żelechów,ul. Ogrodowa 3,51.8096724,21.895505
82486,Stary Kębłów,23,51.7913993,21.8631461
83315,Wola Żelechowska,10,51.804577,21.85619
13052,Gostynin,ul. Józefa Ozdowskiego 2,52.4235579,19.4672819
13138,Gostynin,ul. gen. Józefa Bema 23,52.4343016,19.4676053
263055,Gostynin,ul. Polna 36,52.4200015,19.4610571
60828,Lucień,46,52.488347,19.4728184
60148,Krzywie,48,52.4646052,19.3901642
60374,Sokołów,10,52.3860173,19.3462346
81489,Sierakówek,1,52.3557804,19.4232002
58967,Białotarsk,34,52.4450499,19.3229782
87148,Stefanów,38,52.4565941,19.5373278
60568,Zwoleń,35,52.4283135,19.5563353
87085,Solec,6,52.4387021,19.3701919
85490,Pacyna,ul. Kopycińskiego 5,52.30067,19.71132
7372,Sanniki,ul. Warszawska 183,52.33089,19.86693
91611,Korytnica,106,51.7236446,21.7744069
89737,Wola Korycka Górna,36,51.7356144,21.7547975
88761,Życzyn,55A,51.6775047,21.7409541
88520,Podebłocie,109,51.6432741,21.7556372
31103,Mariańskie Porzecze,36,51.8837956,21.3323502
30457,Wilga,ul. Adama Mickiewicza 8,51.8515842,21.3769391
31138,Zakrzew,37,52.3619728,21.7672373
263757,Osiedle Wilga,ul. Plac Myśliwski 1,51.8278309,21.4110208
58900,Łaskarzew,ul. Kolejowa 13,51.7888109,21.5999813
55944,Łaskarzew,ul. Alejowa 23,51.7932941,21.5843757
60708,Wola Łaskarzewska,88,51.7894372,21.5277478
104602,Izdebno,1,51.8251298,21.5659667
60705,Krzywda,27A,51.8193851,21.5244053
104604,Stary Pilczyn,36,51.7975758,21.6308566
82484,Stary Goniwilk,41,51.8324386,21.8342762
90601,Stefanów,108,51.7971427,21.8064718
42338,Górzno,ul. Długa 6,51.8468159,21.7062446
50844,Łąki,78,51.8679259,21.7490612
50847,Unin,86B,51.9104218,21.6949566
15727,Maciejowice,ul. Tadeusza Kościuszki 19,51.692631,21.5531323
23093,Samogoszcz,2,51.7487504,21.470645
9851,Zgórze,30,51.8922201,21.7531764
10000,Miastków Kościelny,ul. Szkolna 8,51.8839967,21.8234993
4120,Parysów,ul. Książęca 11,51.9759282,21.6801952
70923,Puznówka,136,51.973567,21.5662811
49924,Trąbki,ul. Osadnicza 4,51.94964,21.58979
70925,Gocław,ul. Szkolna 2,52.0106073,21.5528956
77607,Pilawa,ul. Leśna 6,51.9595452,21.5271524
64769,Sobolew,ul. Kościuszki 17,51.741893,21.6682644
106023,Gończyce,106,51.7801528,21.7246173
278430,Anielów,16,51.7754545,21.7750265
88304,Trojanów,161,51.6948845,21.8349533
263535,Gołotczyzna,ul. Aleksandry Bąkowskiej 29,52.8025651,20.6967017
5746,Borowie,ul. Aleksandra Sasimowskiego 3,51.9487239,21.7671323
27549,Głosków,ul. Szkolna 6,52.0371672,20.9435881
27553,Iwowe,140,51.9789596,21.8500339
70421,Garwolin,ul. Aleja Żwirki i Wigury 16,51.9003435,21.6161871
86841,Garwolin,ul. Aleja Legionów 21,51.8830241,21.6275247
87121,Garwolin,ul. Janusza Korczaka 10,51.9024676,21.6058905
277051,Garwolin,ul. Jana Pawła II 5,51.8986429,21.6127654
482382,Garwolin,ul. Jana Pawła II 5,51.8986429,21.6127654
49892,Rębków,ul. Starowiejska 8,51.877494,21.5550592
49720,Wola Władysławowska,27,51.8949803,21.4271286
48608,Michałówka,3,51.7772981,20.9763764
49963,Wilkowyja,48,51.8560532,21.5158516
50849,Wola Rębkowska,ul. Długa 90,51.9049944,21.5559577
49298,Ruda Talubska,ul. Akacjowa 10,51.852721,21.592292
50846,Samorządki,44A,51.8234835,21.7519605
68145,Ościsłowo,81,52.8305386,20.4629152
81251,Gołymin-Ośrodek,ul. ks. Michalaka 10C,52.8086905,20.8731745
87350,Grudusk,ul. Szkolna 2,53.0616402,20.625647
44647,Humięcino,20,53.01215,20.57681
3888,Kraszewo,57A,52.7917917,20.5722471
86846,Ojrzeń,ul. Przedszkolna 7,52.7669148,20.5427378
3886,Młock,72,52.789451,20.4714218
74873,Opinogóra Górna,ul. Zygmunta Krasińskiego 25,52.9038465,20.7143163
74874,Wola Wierzbowska,27,52.9619,20.74828
74875,Kołaczków,ul. Szkolna 2,52.895375,20.8019893
23609,Zeńbok,50,52.9758147,20.5808991
26884,Regimin,ul. Heleny Dobrzynieckiej 1,52.94148,20.55454
89315,Sońsk,ul. Szkolna 4,52.7813961,20.6961175
83502,Bądkowo,1,52.7453011,20.6362408
83504,Gąsocin,ul. Błotna 12,52.7377277,20.7156977
263530,Gołotczyzna,ul. Aleksandry Bąkowskiej 29,52.8025651,20.6967017
55748,Stare Siekluki,78,51.58356,20.99392
9148,Stromiec,ul. Radomska 27,51.6464554,21.0910141
9145,Bobrek-Kolonia,24,51.61119,21.05491
9146,Kolonia Sielce,46,51.617182,21.2020296
62364,Kostrzyn,ul. Szkolna 7,51.5766911,20.7298643
62365,Wyśmierzyce,ul. Adama Mickiewicza 4,51.6251076,20.8119331
29137,Ciechanów,ul. Władysława Broniewskiego 1,52.8879408,20.5997081
25735,Ciechanów,ul. Wiklinowa 4,52.878279,20.6059008
57848,Ciechanów,ul. Stefana Czarnieckiego 40,52.87067,20.59719
25740,Ciechanów,ul. Stanisława Wyspiańskiego 11A,52.8874042,20.5988479
133690,Ciechanów,ul. Orylska 3,52.8735572,20.6186358
29139,Ciechanów,ul. Płońska 143,52.8631448,20.6313361
63394,Ciechanów,ul. Powstańców Wielkopolskich 1,52.8824607,20.632446
126498,Ciechanów,ul. Ignacego Kraszewskiego 8a,52.8867284,20.6030305
6890,Gumowo,6,52.6090748,20.2677007
12892,Glinojeck,ul. Płocka 7,52.819174,20.2862655
23641,Żuromin,ul. Wyzwolenia 12,53.0716932,19.9085631
70466,Osuchów,ul. Szkolna 1,51.8980592,20.5885382
49725,Piekary,ul. Piekarska 47,51.915053,20.538416
49172,Mszczonów,ul. Warszawska 27,51.9739985,20.5127831
50407,Lutkówka,ul. Szkolna 1,51.9223908,20.6217135
17718,Puszcza Mariańska,ul. Konstytucji 3 Maja 3,51.9788831,20.3494459
7835,Bartniki,ul. Miodowa 47,52.00148,20.27119
5161,Waleriany,24,52.01274,20.38436
43810,Korytów A,ul. Szkolna 3,52.0360433,20.4715157
52528,Kuklówka Radziejowicka,ul. Szkolna 30,52.0433745,20.5910495
52527,Radziejowice,ul. Główna 2,52.0042375,20.5560438
59952,Wiskitki,ul. Kościuszki 25,52.0868993,20.3832461
12914,Miedniewice,86,52.08171,20.30207
13456,Franciszków,ul. Dębowa 25,51.8621255,21.0366429
13392,Guzów,ul. Rodu Łubieńskich 2,52.11709,20.33749
22674,Stare Szpaki,36,52.2336828,22.8975537
81716,Łosice,ul. Szkolna 3,52.2166563,22.7070372
31593,Łosice,ul. Bialska 15,52.2120041,22.7209911
48084,Niemojki,157,52.2623772,22.6981617
78206,Sławęcin,63,52.9638441,19.9987199
86336,Bieżuń,ul. Stefana Gołębiowskiego 1,52.9617996,19.8899936
106708,Kuczbork-Osada,ul. Adama Mickiewicza 6,53.0852777,20.0473242
106712,Zielona,ul. Szkolna 2,53.0932818,19.9628254
106550,Zieluń-Osada,ul. Szkolna 7,53.1738687,19.8602652
106553,Syberia,49,53.08693,19.71206
106555,Lubowidz,ul. Jana Pawła II 46 a,53.1216748,19.8407986
111213,Swojęcin,22,53.00266,19.85785
87268,Lutocin,ul. Szkolna 14,52.9813101,19.7659778
42790,Łaszewo,36,52.8589368,20.0899683
80943,Siemiątkowo,ul. Warszawska 3a,52.8796055,20.0340273
8848,Będzymin,ul. Główna 36,53.05006,19.82968
42560,Żyrardów,ul. Armii Krajowej 3,52.0543308,20.4435009
64774,Sokół,49,51.7581471,21.7088081
30397,Nowy Żabieniec,2,51.8382278,21.4861985
92098,Gościszka,82,53.11434,20.00286
126772,Jaworek,32,52.2803056,21.8134611
87532,Wyszków,29A,52.3059926,22.0107976
13020,Nowe Budy,32,52.63927,21.66235
123985,Sieczychy,43,52.71638,21.49384
4534,Bielino,32A,52.7636521,21.3523416
55342,Międzyleś,12A,52.3642417,21.472533
278600,Wólka Dąbrowicka,41A,52.34532,21.4599
127702,Kobyłka,ul. Jana Brzechwy 5,52.3499723,21.2086841
106832,Marki,al. Marszałka Józefa Piłsudskiego 93,52.3264286,21.1059891
13697,Łomianki,ul. Równa 26,52.3235792,20.8957991
128589,Lubiczów,ul. Warszawska 57,52.243087,20.8659065
85210,Warszawa,ul. Wandy Rutkiewicz 2,52.1729662,21.0677053
105302,Warszawa,ul. Podmokła 4,52.1867732,21.2259917
31707,Warszawa,ul. Kruszyny 28,52.2169102,21.2162397
25033,Warszawa,ul. Stefana Dembego 18,52.1328326,21.0732944
133945,Warszawa,ul. Wąwozowa 18,52.1319978,21.0643045
268015,Warszawa,Aleja Wyzwolenia 7,52.2193688,21.022055
31812,Warszawa,ul. Krynoliny 9,52.2909236,21.0791793
128770,Warszawa,ul. Obrońców 25,52.2330773,21.0520131
125611,Warszawa,ul. Urbanistów 3,52.2059544,20.9662034
105688,Warszawa,ul. św. Bonifacego 81,52.1843909,21.0591183
106323,Warszawa,al. Władysława Stanisława Reymonta 16,,
109690,Warszawa,ul. Arkuszowa 202,52.2876771,20.8773281
121188,Warszawa,ul. Piwoniowa 18,52.3543535,20.9753943
88175,Sadek,170,51.2020253,20.8919506
106930,Borki-Wyrki,17,52.1117689,22.350202
2970,Gołąbek,ul. Szkolna 26,52.09196,22.19078
34681,Krześlin,67,52.2381286,22.3521728
21719,Radzików Wielki,ul. Szkolna 5,52.1422586,22.5280815
4928,Zalesice,31,51.2600142,21.1346558
92306,Pionki,ul. Jana Kochanowskiego 12,51.4742742,21.4613961
30844,Sołtyków,ul. Adama Mickiewicza 2,51.3490358,21.1764517
30845,Modrzejowice,68,51.2583446,21.2438353
43573,Seredzice,107,51.1517439,21.1852896
80709,Krzyżanowice,137,51.195208,21.2330039
4866,Lesiów,47,51.4719573,21.2108892
21345,Bartodzieje,18,51.7764685,20.9144004
131791,Radom,ul. Romualda Traugutta 34,51.404858,21.1500087
20571,Krysk,47,52.5324639,20.422997
55956,Świniary,4,52.29868,22.15663
58494,Święcieniec,10A,52.5259623,19.9167701
70798,Rębowo,41,52.4138577,20.1869636
85554,Borki,22A,52.44555,19.80215
59584,Płock,al. marsz. Józefa Piłsudskiego 31,52.7373351,19.9968327
91751,Nowe Kanigowo,17,52.53121,19.97148
103949,Kłudno,83,51.36989,20.81277
82807,Olszewka,80,53.1357126,21.4569341
4983,Ulatowo-Adamy,9,53.1650212,20.9328247
123896,Kosów,ul. Sadowa 34H,52.0486305,20.8253713
69176,Przystań,33,53.1197161,21.4142147
128732,Warmiak,16,53.4581758,21.4801904
72355,Olszewka,24A,52.8236305,20.7478499
74080,Wydmusy,117K,53.3480269,21.3792499
74083,Zalesie,36A,51.8926737,20.8283916
123750,Kaliszki,ul. Akacjowa 148,52.37363,20.74811
78969,Popowo Borowe,111,52.55259,20.89021
25707,Proszkowo,3,53.0123956,20.1979137
77599,Kaliszki,170,52.3681995,20.7386655
276102,Sulejówek,ul. Krasickiego 59,52.239381,21.2699068
263439,Mrozy,ul. Licealna 3,52.1568155,21.8023867
119011,Sulejówek,ul. Aleja Piłsudskiego 81,52.230792,21.2508607
71253,Cyganka,ul. Szkolna 21,52.0999639,20.3580899
58764,Kochanówka,83,51.0864121,21.3974019
85316,Wysokie Koło,22,51.4584467,21.8335944
66479,Zalesie,12,51.8861449,21.1518551
66474,Machcin,24,51.9140921,21.1479287
273509,Książenice,ul. Mazowiecka 188A,52.0872301,20.6847715
7605,Skuły,ul. Mszczonowska 3,51.9846227,20.6564756
121810,Baranów,ul. Armii Krajowej 49,52.12305,20.47315
4472,Izdebno Kościelne,ul. ks. M. Oziębłowskiego 9,52.1376443,20.521853
4121,Wola Starogrodzka,102a,52.0048987,21.6114233
23551,Szulmierz,78,52.9682073,20.6566857
7966,Gorysze,14,52.8946221,20.5357827
9147,Podlesie Duże,71,51.628952,21.1525177
124924,Studzieniec,5,51.9875674,20.3890667
268509,Kozerki,ul. Jowisza 92,52.0902969,20.5887195
105736,Gołosze,28,51.76275,20.60968
24340,Borowe,28,51.652483,20.7856219
89385,Michałowice,1,51.640272,20.7212909
17385,Chmielew,20A,51.8135178,21.3409072
121498,Dębe Małe,68,51.99551,21.75796
27288,Stara Ruskołęka,40a,52.8245337,22.1291725
74078,Olszyny,34A,53.3037566,21.2868073
107596,Zawady,51,53.2674418,21.2388904
60887,Czarnotrzew,16,53.1750519,21.3509368
90306,Drwęcz,44,53.0327106,21.6596446
128731,Dęby,9,53.3749933,21.4900423
128729,Wejdo,58,53.4028835,21.5542022
128728,Szafranki,33,53.2862235,21.5384887
272422,Józefów,ul. Nadwiślańska 137,52.1253006,21.1997002
262333,Cendrowice,ul. Szkolna 4,51.969004,21.1297795
266088,Piastów,ul. Bohaterów Wolności 43,52.1848168,20.8305591
91658,Pobyłkowo Duże,15,52.5559248,21.0179823
272263,Płock,ul. Kolegialna 23,52.5422422,19.6970493
49256,Cieszewo,14,52.6842739,19.9665272
88882,Zagroba,24,52.63873,19.89215
4663,Leszczyn Szlachecki,34,52.6293622,19.8371455
85558,Nowy Kamień,6,52.35864,19.72747
80611,Dzierżanowo,53,52.7943017,21.0755275
39888,Przeciszewo,26,52.66121,19.96536
55958,Piotrkówek,75,52.40042,19.96485
86862,Radom,ul. 25 Czerwca 70,51.404682,21.165466
262307,Radom,ul. Długojowska 6,51.3849954,21.1797273
107184,Augustów,102B,51.35845,21.03777
40629,Krynica,33,52.3004679,22.2901509
87173,Nowy Bartków,19,52.33528,22.55972
104441,Warszawa,ul. Rakowiecka 21,52.2081841,21.0162656
90365,Warszawa,ul. Rakowiecka 21,52.2081841,21.0162656
133548,Warszawa,ul. Białostocka 4,52.2536587,21.0377838
133636,Warszawa,ul. Kawęczyńska 36,52.2572476,21.0579037
105312,Warszawa,ul. Koźmińska 7,52.2247622,21.0370111
52989,Warszawa,ul. Toruńska 23,52.2958432,21.0166087
133572,Warszawa,ul. Radzymińska 118a,52.2691985,21.0611391
53008,Warszawa,ul. Alpejska 16,52.2177829,21.1688506
121724,Warszawa,ul. Dzierzby 28,52.1345661,21.0194105
104254,Warszawa,ul. Eustachego Tyszkiewicza 42,52.2418936,20.9675626
133624,Warszawa,ul. Deotymy 25/33,52.2421484,20.9467615
478731,Warszawa,ul. Jana Ostroroga 18,52.2464567,20.9666459
103583,Warszawa,ul. Zygmunta Krasińskiego 1,52.2702784,20.9959339
89967,Knurowiec,1,52.66836,21.63108
13021,Turzyn,95,52.6107989,21.5244635
75668,Maksymilianów,30,52.4580356,21.7578788
86735,Zając,41,52.33414,22.06134
82539,Szydłówka,62,52.1305909,22.6164855
22762,Kobylany,114,51.30441,21.28786
106344,Mleczówka,41,53.08261,19.66531
111216,Przeradz Mały,9,53.0181,19.78021
7030,Michałów,39,51.965686,20.3137264
9850,Zwola,45,51.8810513,21.8740397
124655,Chotynia,33,51.7979285,21.6939137
278474,Kaleń Drugi,65,51.7116651,21.7078236
264914,Garwolin,ul. Janusza Korczaka 10,51.9024676,21.6058905
7705,Boże,1,51.6877748,21.1313418
8851,Kliczewo Duże,ul. Wspólna 68,53.0458795,20.0075528
2985,Lipno,25,52.3329528,22.8226079
114664,Warszawa,ul. Górczewska 13,52.236362,20.9686519
196263,Warszawa,ul. Zorzy 17,52.2168824,21.1691396
84199,Skłoby,1,51.25367,20.69413
128371,Nowy Dwór,11A,51.2407637,21.0045706
84204,Pawłów,230,51.2521082,20.8167117
4804,Przywózki,ul. Szkolna 3,52.3825066,22.201399
59058,Czekanów,20,52.4380504,22.4387864
91242,Bujały-Mikosze,9,52.45728,22.37455
80763,Osiek,5,52.8113487,19.9413098
121754,Grąbiec,11,52.81837,19.7821
123473,Wólka Twarogowa,21,51.2803765,21.3062426
39889,Smardzewo,4,52.6124388,19.9225735
196293,Rusinów,32,51.27678,20.67823
128531,Węgra,26,53.053086,20.7670836
86246,Rostkowo,14,52.6578828,20.1366289
31916,Chorzele,ul. Szkolna 4,53.2520198,20.8993035
88735,Jazgarzewszczyzna,ul. Okrężna 25A,52.0669748,20.9828867
12448,Szwelice,66,52.7884627,21.0241472
74367,Garwolin,ul. Aleja Legionów 11,51.8864785,21.6258773
12051,Wola Młocka,32,52.77739,20.42155
263819,Wołomin,ul. Kazimierza Wielkiego 1,52.3497458,21.2577939
85120,Jędrzejów Nowy,30,52.19029,21.72453
11892,Romanowo,12,52.8764973,21.0263155
133534,Warszawa,ul. Szczęśliwicka 50/54,52.2158254,20.9679633
263526,Płock,al. Jana Kilińskiego 4,52.5382069,19.7043424
